제목,가수,장르,가사
Attention,NewJeans,댄스,"You and me
내 맘이 보이지
한참을 쳐다봐
가까이 다가가
You see
You see, ey ey ey ey

One, two, three
용기가 생겼지
이미 아는 네 눈치
고개를 돌려 천천히
여기
You see
여기 보이니

Looking for attention 너야겠어
확실하게 나로 만들겠어
Stop, eyyy
Drop the question
Drop the, drop the question
Want attention
Wanna want attention

You give me butterflies you know
내 맘은 온통 paradise
꿈에서 깨워주지 마

You got me looking for attention
You got me looking for attention
가끔은 정말
헷갈리지만
분명한 건
Got me looking for attention

널 우연히 마주친 척할래
못 본 척 지나갈래
You’re so fine
Gotta gotta get to know ya
나와 나와 걸어가 줘

지금 돌아서면
I need ya, need ya, need ya
To look at me back
Hey 다 들켰었나
널 보면 하트가 튀어나와

난 사탕을 찾는 baby (baby)
내 맘은 설레이지
Eyyy, drop the question
Drop the, drop the question
Want attention
Wanna want attention

You give me butterflies you know
내 맘은 온통 paradise
꿈에서 깨워주지 마

You got me looking for attention
You got me looking for attention
가끔은 정말
헷갈리지만
분명한 건
Got me looking for attention

You got me looking for attention
You got me looking for attention
가끔은 정말
헷갈리지만
분명한 건
Got me looking for attention

A T T E N T I on
Attention is what I want
A T T E N T I on
Attention is what I want
A T T E N T I on
Attention is what I want
A T T E N T I on
You got me looking for attention"
그때 그 순간 그대로 (그그그),WSG워너비 (가야G),발라드,"잘 지냈지? 조금은 어색해 요즘 좋아 보여 인사 나누며
사실 궁금한 게 너무 많았는데 반가움에 멍해졌죠

생각보다 오래 된 것 같은 우리 수다스럽던 그때가 생각나
뭐가 그렇게도 할 말이 많아서 밤을 지새우곤 했죠

그리운 목소리 그리던 얼굴 참 많이도 기다렸어

다시 만나자는 너의 한마디에 울컥 눈물이 나
결국 너였단 걸

알아
기다림의 끝은 기적이 되고 기적 같은 우린 운명처럼

서로를 알아보고 그렇게 눈앞에 서있죠

우리 사랑했던 우리 다시 만나 그때 그 순간 그대로
사랑했고 사랑할 거니까

같이 듣던 노래 그때 그 거리를 이제 혼자 아닌 너와 둘이 걸어

다시 오른쪽에 나란히 발맞춰 같은 노래를 부르죠

그리운 만남을 그리던 날들 참 많이도 기다렸어

다시 너를 만나 더욱 더 소중해 같은 마음이란 걸

알아
기다림의 끝은 기적이 되고 기적 같은 우린 운명처럼

서로를 알아보고 그렇게 눈앞에 서있죠

우리 사랑했던 우리 다시 만나 그때 그 순간 그대로

사랑했고 사랑할 거니까

처음 느낌 그대로 설렘이 가득한 날

고마워 다시 돌아와줘서

그때 그 순간처럼 날

안아줘

결국 기다림의 끝은 기적이 되고 기적 같은 우린 운명처럼

서로를 알아보고 그렇게 눈앞에 서있죠

우리 사랑했던 우리 다시 만나 그때 그 순간 그대로

사랑했고 사랑할 거니까"
보고싶었어,WSG워너비 (4FIRE),R&B/Soul,"너를 정말 사랑했나 봐 아직도 널 못 잊었나 봐 자꾸만 생각나

시간은 왜 자꾸 나에게 아픈 기억은 다 지우고 좋은 추억만 남아

우 함께 울고 웃던 계절에 다시 만난다면

보고싶었어 사랑했던 그때의 너와
니 곁에 그리고 나 널 바라만 봐도 눈물 나게

마냥 좋았어 너에게 못다 한 그 말
조금은 늦었겠지만 아직 널 사랑한다고 말야

라라라 라라라라랄랄라 라라라라랄랄라
보고싶었어

라라라 라라라라랄랄라 라라라라랄랄라
너도 내 맘 같기를

그땐 정말 어렸었나봐 사랑을 잘 몰랐었나 봐
그게 마음이 아파

우 오늘처럼 눈부신 날에 다시 만난다면

보고싶었어 사랑했던 그때의 너와
니 곁에 그리고 나 널 바라만 봐도 눈물 나게

마냥 좋았어 너에게 못다 한 그 말
조금은 늦었겠지만 (늦었겠지만) 아직 널 사랑한다고

꽃 피는 봄이 온 것처럼
당연한 듯 내곁에 머물 줄만 알았어 (항상)

주는 게 사랑이란 걸 그때야 난 깨달았어
니가 떠난 후에야

나 너에게 참 고마웠다고 벅차 행복했다고
사랑을 가르쳐 준 니가 참

보고싶었어 (보고싶었어) 너에게 듣고 싶은 말
아직 늦지 않았다고 (늦지 않았다고) 너도 날 기다렸다고 말야

라라라 라라라라랄랄라 라라라라랄랄라
보고싶었어 (Baby can you call me now)
라라라 라라라라랄랄라 라라라라랄랄라

너도 내 맘 같기를"
LOVE DIVE,IVE (아이브),댄스,"네가 참 궁금해 그건 너도 마찬가지
이거면 충분해 쫓고 쫓는 이런 놀이
참을 수 없는 이끌림과 호기심
묘한 너와 나 두고 보면 알겠지

Woo 눈동자 아래로
Woo 감추고 있는 거
Woo yeah It’s so bad It’s good
난 그 맘을 좀 봐야겠어

Narcissistic, my god I love it
서로를 비춘 밤
아름다운 까만 눈빛 더 빠져 깊이
(넌 내게로 난 네게로)
숨 참고 love dive

Woo lalalalalalala
Woo 어서 와서 love dive
Woo oh perfect sacrifice yeah
숨 참고 love dive

마음은 이렇게 알다가도 모르지
사랑이라는 건 한순간에 필 테니
직접 들어와 두 눈으로 확인해
내 맘 가장 깊은 데로 오면 돼

Woo 망설일 시간은
Woo 3초면 되는 걸
Woo yeah It’s so bad It’s good
원하면 감히 뛰어들어

Narcissistic, my god I love it
서로를 비춘 밤
아름다운 까만 눈빛 더 빠져 깊이
(넌 내게로 난 네게로)
숨 참고 love dive

Woo lalalalalalala
Woo 어서 와서 love dive
Woo oh perfect sacrifice yeah
숨 참고 love dive

숨 참고 love dive
숨 참고 love dive
숨 참고 love dive
숨 참고 love dive

Woo lalalalalalala
Woo 어서 와서 love dive
Woo oh perfect sacrifice yeah
숨 참고 love dive"
Hype boy,NewJeans,댄스,"(1,2,3,4)
Baby, got me looking so crazy
빠져버리는 daydream
Got me feeling you
너도 말해줄래

누가 내게 뭐라든
남들과는 달라 넌
Maybe you could be the one

날 믿어봐 한번
I’m not looking for just fun
Maybe I could be the one

Oh baby
예민하대 나 lately
너 없이는 매일 매일이 yeah
재미없어 어쩌지

I just want you
Call my phone right now
I just wanna hear you’re mine

‘Cause I know what you like boy
You’re my chemical hype boy
내 지난날들은
눈 뜨면 잊는 꿈
Hype boy 너만 원해
Hype boy 내가 전해

And we can go high
말해봐 yeah
느껴봐 mm mm
Take him to the sky
You know I hype you boy

눈을 감아
말해봐 yeah
느껴봐 mm mm
Take him to the sky
You know I hype you boy

잠에 들려고 잠에 들려 해도
네 생각에 또 새벽 세 시 uh-oh
알려줄 거야 they can’t have you no more
봐봐 여기 내 이름 써있다고
누가 내게 뭐라든
남들과는 달라 넌
Maybe you could be the one

날 믿어봐 한번
I’m not looking for just fun
Maybe I could be the one

Oh baby
예민하대 나 lately
너 없이는 매일 매일이 yeah
재미없어 어쩌지

I just want you
Call my phone right now
I just wanna hear you’re mine

‘Cause I know what you like boy
You’re my chemical hype boy
내 지난날들은
눈 뜨면 잊는 꿈
Hype boy 너만 원해
Hype boy 내가 전해

And we can go high
말해봐 yeah
느껴봐 mm mm
Take him to the sky
You know I hype you boy

눈을 감아
말해봐 yeah
느껴봐 mm mm
Take him to the sky
You know I hype you boy"
SNEAKERS,ITZY (있지),댄스,"Yeah yeah
Let’s go
Like what?
자유로운 기분 I like that
고민 따윈 already done, done
색안경 끼고 보는 게 죄지
That's not my fault woah
Told ya I don't care at all
내 멋대로 갈 거야
필요 없어 order
Don't need no guidance
I'm makin' my way
I'm on my way up
Run to the top
난 언제든 straight up
원래 두려운 게 없어 난
상관없어 call me trouble
or you can call me weirdo
나로 살고 싶어
턱 끝을 치켜올린 채로
다 가질 듯한 attitude 그거면 돼
Put my sneakers on
하나 둘 ready, get set, go
Put my sneakers on
Put 'em up, put 'em up
Put my sneakers on
하나 둘 ready, get set, go
멀리 가보자고 ya ya
Put 'em up, put 'em up
기다리던 순간 stand up, stand up
빨리 뛰는 심장 don't stop, don't stop
Get loose 불태워 지금 my youth
The party ain't started
시작도 안 했어 난
요즘 꽂힌 말이 하나 있지
My best is yet to come
상관없어 call me trouble
or you can call me weirdo
나로 살고 싶어
턱 끝을 치켜올린 채로
다 가질 듯한 attitude 그거면 돼
Put my sneakers on
하나 둘 ready, get set, go
Put my sneakers on
Put 'em up, put 'em up
Put my sneakers on
하나 둘 ready, get set, go
멀리 가보자고 ya ya
Put 'em up, put 'em up
자유롭게 뛰고 싶어 다른 사람
시선들 don't care now
어디까지 가게 될지 모르지만
일단은 start right now
Yeah alright
멈추지 마 to the top
Don’t worry about it cuz you know I
Put my sneakers on
상관없어 call me trouble
or you can call me weirdo
나로 살고 싶어
턱 끝을 치켜 올린 채로
다 가질 듯한 attitude 그거면 돼
You better put your sneakers on
Put my sneakers on
하나 둘 ready, get set, go
Put my sneakers on
Put 'em up, put 'em up
Put my sneakers on
하나 둘 ready, get set, go
멀리 가보자고 ya ya
Put 'em up, put 'em up
자유롭게 뛰고 싶어 다른 사람
시선들 don't care now
어디까지 가게 될지 모르지만
일단은 start right now
Yeah alright
멈추지 마 to the top
같이 걸어 가보자고
Put 'em up, put 'em up"
POP!,나연 (TWICE),댄스,"What's wrong?
홀릴 듯이 난 너를 자극해 (Pop pop pop)
Watch out!
설렌 듯이 네 부푼 맘이 터질 듯해 (Pop pop pop)
(Let’s start) 내 맘대로 Play it
(Won’t stop) 거침없이 Shake it
You know? 넌 내게 달려있단 것만 알아둬

이미 넌 나를 벗어날 수가 없어
떨린 그 눈빛, 티 나는 몸짓 Baby
터뜨리고 싶은 너

설렘이 멎기 전에
I wanna make it
Pop pop pop, you want it
Pop pop pop 터지길 원해

가슴이 뛰는 이 느낌
I wanna make it
Pop pop pop, you want it
Pop pop pop 널 갖길 원해

Pop pop pop (Uh uh)
(You want it)
Pop pop pop (Uh uh)
(I got it)
Pop pop pop (Uh uh)
Pop pop pop

너무 잘 보여 아무리 숨겨도
이미 들킨 걸 자꾸 둥둥 떠다니잖아
여유롭게 Check it
보란 듯이 Take it
(Baby) Baby you’re out of control
So you’re under my control

설렘이 멎기 전에
I wanna make it
Pop pop pop, you want it
Pop pop pop 터지길 원해

가슴이 뛰는 이 느낌
I wanna make it
Pop pop pop, you want it
Pop pop pop 널 갖길 원해

Pop pop pop (Uh uh)
(You want it)
Pop pop pop (Uh uh)
(I got it)
Pop pop pop (Uh uh)
Pop pop pop

Pop pop 버블같이 터져 버릴지 몰라
끝도 없이 점점 부풀어 가
내게 푹 빠진 너를 애써 참진 마
Bae bae eyes on me now
내가 터뜨려 줄 테니

Five! 자, 때가 됐어
Four! 딱 숨을 멈춰
Three! 난 너를 겨눠
Two! One! Here we go!

설렘이 멎기 전에
I wanna make it
Pop pop pop, you want it
Pop pop pop 터지길 원해

가슴이 뛰는 이 느낌
I wanna make it
Pop pop pop, you want it
Pop pop pop 널 갖길 원해

Pop pop pop (Uh uh)
Pop pop pop (You gotta pop it)
Pop pop pop (I can’t stop it)
Pop pop pop"
TOMBOY,(여자)아이들,록/메탈,"Look at you 넌 못 감당해 날
Ya took off hook
기분은 Coke like brrr
Look at my toe 나의 Ex 이름 Tattoo
I got to drink up now 네가 싫다 해도 좋아

Why are you cranky, boy?
뭘 그리 찡그려 너
Do you want a blond barbie doll?
It’s not here, I’m not a doll

미친 연이라 말해 What’s the loss to me ya
사정없이 까보라고 You’ll lose to me ya
사랑 그깟 거 따위 내 몸에 상처 하나도 어림없지
너의 썩은 내 나는 향수나 뿌릴 바엔

Ye I’m a Tomboy (Umm ah umm)
Ye I’ll be the Tomboy (Umm ah)
This is my attitude
Ye I’ll be the Tomboy

I don’t wanna play this ping pong
I would rather film a Tik Tok
Your mom raised you as a prince
But this is queendom, right?
I like dancing, I love ma friends
Sometimes we swear without cigarettes
I like to eh on drinking whiskey
I won’t change it, what the hell?

미친 척이라 말해 What’s the loss to me ya
사정없이 씹으라고 You’re lost to me ya
사랑 그깟 거 따위 내 눈에 눈물 한 방울 어림없지
너의 하찮은 말에 미소나 지을 바엔

Ye I’m a Tomboy (Umm ah umm)
Ye I’ll be the Tomboy (Umm ah)
This is my attitude
Ye I’ll be the Tomboy

Said you get it?
You get the song right, you’ll get what I mean “Tomboy”

La la la la la la la la la
La la la la la la la la la

La la la la la la la la la
La la la la la la la la la
(Three, two, one)

It’s neither man nor woman
Man nor woman
It’s neither man nor woman
(Just me I-DLE)

It’s neither man nor woman
Man nor woman
It’s neither man nor woman
(Just me loving Tomboy)"
That That (prod. & feat. SUGA of BTS),싸이 (PSY),댄스,"20 22
PSY Coming back (이리 오너라)

Long time no see huh?
오래간만이지 huh?
우리 다시 웃고 울고 지지고 볶고
Let’s get loco

Pandemic's over uh
그래 기분이 오져 uh
다시 그분이 오죠 uh
Everybody say

뻑적지근해
걸쩍지근해
시끌벅적거리네
너무 좋아 북적거리네
동서남북 Aye
강남강북 Aye
싹 다 모여 Throw yo hands in the air
I say yeah

Can you feel it?
Can you feel it?
Oh oh woo yeah Oh woo oh

Can you feel it?
Can you feel it?
Oh oh woo yeah Ah

준비하시고 (Go) 쏘세요 (Oh)
That that I like that (Like that)
기분 좋아 Babe (Babe)
흔들어 좌 우 위 아래로 (Sing it)
One two three to the four (Sing it)

That that I like that
That that I like that babe
That that I like that
It’s like that that yo

That that I like that
That that I like that babe
That that I like that
It’s like that

야 내가 뭐 하는 사람인지 까먹었지?
That that I like that (Like that)
시간이 지나도 변함없이
That that I like that (Like that)
I don't care I don't care that I like that
That that I like that (Like that)
내가 바라보고 바라왔던 사람들아
모두 다 Ready set go
되려 늘어난 맷집 때리던 분이 불편하겠지
너네 바람대로 망할 거라 고사 지낸
사람들을 모아다가 가볍게 때찌
적당히 하라고 Oh oh oh
그냥 닥치고 다 같이 놀아보자고 Oh oh oh
민윤기와 박재상

Can you feel it?
Can you feel it?
Oh oh woo yeah Oh woo oh

Can you feel it?
Can you feel it?
Oh oh woo yeah Ah

준비하시고 (Go) 쏘세요 (Oh)
That that I like that (Like that)
기분 좋아 Babe (Babe)
흔들어 좌 우 위 아래로 (Sing it)
One two three to the four (Sing it)

That that I like that
That that I like that babe
That that I like that
It’s like that that yo

That that I like that
That that I like that babe
That that I like that
It’s like that that yo

Do what you wanna
Say what you wanna
Do what you wanna (Say what?)
That that I like that babe

Do what you wanna
Say what you wanna
Do what you wanna (Say what?)
That that I like that babe
That that I like that"
정이라고 하자 (Feat. 10CM),BIG Naughty (서동현),R&B/Soul,"Back to the day
갓 10대가 됐을 때
그때 내가 널 보지 못했다면
어땠을까 해
왜인지 외로워지는 밤에 You say
흐린 추억 속에 네게 안겨 잠드네
Yeah 친구들과의 술자리
나는 또 네 얘기를 꺼내
보고 싶다는 넋두리에
친구들 답은 뻔해
10년도 더 된 애를 사랑할 수 있냬
이제 그만 잊으래
근데 그게 잘 안돼
그래 걔 말마따나
넌 아담의 사과일 수도
But 난 신을 안 믿으니까
네 전화 바로 픽업
지금 주소 찍어
어디든 상관없어 다 갈 테니까
그건 사랑이 아냐
그건 미련이 아냐
그냥 정이라고 하자
임마 네가 뭘 알아
이건 사랑이 맞아
분명 약속했단 말이야
I know I’m wrong
그 자리에 그대로
두고 온 기억들을
더듬고 있을 때면
You say
그건 사랑이 아냐
그건 미련이 아냐
그냥 정리하고 가자
아메리카노보단 라떼를
맛있게 내리던 네 집 앞 카페를
매일 같이 갔었었던 그때를
내려줄게 쓰지 않아 이제는
넌 매일 밤 예뻐 예뻐
해주며 날 재워 재워
식어버린 널 데워 태워
꿈에서 날 깨워 줘
버려진 기억들 속에서
쓸만한 컷들을 찾고 있어
이미 내 곁에 더는 없는 너지만
난 너를 느낄 수 있어
닿을 듯 안 닿을 듯
떠나는 뒷모습이
왜인지 행복해 보여
너라도 행복해줘
그건 사랑이 아냐
그건 미련이 아냐
그냥 정이라고 하자
임마 네가 뭘 알아
이건 사랑이 맞아
분명 약속했단 말이야
I know I’m wrong
그 자리에 그대로
두고 온 기억들을
더듬고 있을 때면
You say
그건 사랑이 아냐
그건 미련이 아냐
그냥 정리하고 가자
그건 사랑이 아냐
그건 미련이 아냐
그냥 정이라고 하자
임마 네 말이 맞아
이건 사랑이 아냐
그냥 정리하고 가자"
나의 X에게,경서,발라드,"우리 다시 만날래
예쁘게 빛나던
모든 추억들이
너무 그리워
너의 품에 안길래
이 밤이 새도록
네게 말할 거야
너를 좋아한다고
안녕 그대야
요즘 어떻게 지내
가로수길 걷다가
생각이 나서
행복해 보이는 사람들 속에
우리 둘만 없어서
어색했었어
늘 집에 갈 땐
항상 뒤돌아보면
날 보며 웃어주던
네가 생각났어
우리 다시 만날래
예쁘게 빛나던
모든 추억들이
너무 그리워
너의 품에 안길래
이 밤이 새도록
네게 말할 거야
너를 좋아한다고
토요일마다 가던
한강공원에
이어폰 하나씩
나눠끼고서
벚꽃엔딩같이 듣고 있으면
부러울 게 없었어
너만 있으면
널 사랑할 때
내가 너무 그리워
날 보며 웃어주던
네가 보고 싶어
우리 다시 만날래
예쁘게 빛나던
모든 추억들이
너무 그리워
너의 품에 안길래
이 밤이 새도록
네게 말할 거야
너를 좋아한다고
같이 별 보러 갈래
널 다시 만나면
네 옆에 기대서
잠들고 싶어
너의 품에 안길래
이 밤이 새도록
내 곁에 있어줘
내겐 너뿐이라고"
사랑인가 봐,멜로망스,"발라드, 국내드라마","너와 함께 하고 싶은 일들을
상상하는 게
요즘 내 일상이 되고
너의 즐거워하는 모습을 보고 있으면
자연스레 따라 웃고 있는 걸
너의 행동에 설레어하고 뒤척이다가
지새운 밤이 많아지는데
이건 누가 봐도 사랑일 텐데
종일 함께면 질릴 텐데
나 돌아서도 온통 너인 건
아무래도 사랑인가 봐
점점 너와 하고 싶은 일들 생각하면서
하룰 보낸 날이 많아지는데
이건 누가 봐도 사랑일 텐데
종일 함께면 질릴 텐데
나 돌아서도 온통 너인 건
아무래도 사랑인가 봐
너의 행복해하는 모습을 보고 있으면
나도 모르게 따라 웃는데
이 정도면 알아줄 만하잖아
너도 용기 낼만 하잖아
나만 이런 게 아니라면
우리 만나볼 만하잖아
아무래도 사랑인가 봐"
사랑은 늘 도망가,임영웅,"발라드, 국내드라마","눈물이 난다 이 길을 걸으면
그 사람 손길이 자꾸 생각이 난다
붙잡지 못하고 가슴만 떨었지
내 아름답던 사람아
사랑이란 게 참 쓰린 거더라
잡으려 할수록 더 멀어지더라
이별이란 게 참 쉬운 거더라
내 잊지 못할 사람아
사랑아 왜 도망가
수줍은 아이처럼
행여 놓아버릴까 봐
꼭 움켜쥐지만
그리움이 쫓아 사랑은 늘 도망가
잠시 쉬어가면 좋을 텐데
바람이 분다 옷깃을 세워도
차가운 이별의 눈물이 차올라
잊지 못해서 가슴에 사무친
내 소중했던 사람아
사랑아 왜 도망가
수줍은 아이처럼
행여 놓아버릴까 봐
꼭 움켜쥐지만
그리움이 쫓아 사랑은 늘 도망가
잠시 쉬어가면 좋을 텐데
기다림도 애태움도 다 버려야 하는데
무얼 찾아 이 길을 서성일까
무얼 찾아 여기 있나
사랑아 왜 도망가
수줍은 아이처럼
행여 놓아버릴까 봐
꼭 움켜쥐지만
그리움이 쫓아 사랑은 늘 도망가
잠시 쉬어가면 좋을 텐데
잠시 쉬어가면 좋을 텐데"
그라데이션,10CM,"인디음악, 포크/블루스","밤은 다시 길고 깊어졌네
나는 점점 너로 잠 못 들게 돼
글로 적어내긴 어려운 이 기분을
너도 느꼈으면 좋겠는데
너는 아무 생각 없이 몇 번
나를 지나가며 웃은 거라지만
나의 하얀 옷에 너의 잉크가 묻어
닦아낼 수 없을 만큼 번졌네
달콤한 색감이 물들어 조금씩
정신을 차렸을 땐 알아볼 수도 없지
가득 찬 마음이 여물다 못해
터지고 있어
내일은 말을 걸어봐야지
요즘 노랜 뭔가 맘에 안 들어
네게 불러 주기엔 좀 어려워서
나름 며칠 밤을 새워 연습했지만
네게 들려주기엔 무리인 것 같아
너는 번질수록 진해져 가고
나의 밤은 좀 더 길고 외롭지만
하루종일 떠오르는 너의 얼굴은
방을 가득 채워 무지개같이
달콤한 색감이 물들어 조금씩
정신을 차렸을 땐 알아볼 수도 없지
가득 찬 마음이 여물다 못해
터지고 있어
내일은 말을 걸어봐야지
바람을 맞고 빗물에 젖어
나의 색감도 흐려지겠지만
너는 항상 빛에 반짝일 테니까
멋진 말들을 전하지 못하고
아무도 관심 없는 그림이 되겠지만
달콤한 색감은 감추지 못해
터지고 있어
내일은 말을 걸어봐야지
그냥 이 노래가 어떨까 싶어"
Girls,aespa,댄스,"일어나라 그대여
더 치명적인 전쟁 속에
두발로 버텨 적의 Hook!
Black Mamba
두렵지 않아 네가 Hoot!
부셔줄게
달라졌어 우리가
광야를 넘어 돌아올 때
일그러져 버렸던 æ
더 나답게
마치 하나처럼 보일
미친 존재감의 현신

다시 남겨진 불씨가
거대한 악으로 자라나서
무기력하게 널 고립시켜 둘 때
Reunite 우린 다시 함께
Whoo Whoo
덮쳐 Beat it Yah
넌 혼자가 아니야

빛났던 Sacrifice
기억 찾았다면
보여줄래? 나타나줄래?
지금 여기

따라와 (Bow down)
지켜봐 (My skill)
놀랄걸 (Say wow)
We coming
소리쳐 (Get loud)
들어봐 (My sound)
불러봐 (Upgrade)
We coming

혼돈 속에서 피어나
(We Them Girls)
두려움에 맞설 그런 용기
(Ah Yeah)
언제라도 우린 Together
We Them Girls
We Them Girls
We Them Girls

Meta Universe 공존해
지금 Parallel World
모든 존재가 의미를 가져
Part of my heart
우린 공감의 언어를 써
체온을 나눠 줘
결국 선한 의지만의
가치를 추구해

강해졌어 드디어 난
휘둘리거나 당하지 않아
왜곡이 돼버려 또 다
시작됐어 편을 갈라
너와 날 고립시켜 앞 못 보게

못된 욕망에 일그러져 버리던
Algorithm들이
존재를 무기로 파괴로
집어삼켜 Ah
그 순간 악은 시작됐어
Whoo Whoo
비켜 Flip Yah
난 혼자가 아니야

지켜주고 싶어
처음 만난 네 REKALL
안아줄게 느낄 수 있게
Without SYNK DIVE

따라와 (Bow down)
지켜봐 (My skill)
놀랄걸 (Say wow)
We coming
소리쳐 (Get loud)
들어봐 (My sound)
불러봐 (Upgrade)
We coming

혼돈 속에서 피어나
(We Them Girls)
두려움에 맞설 그런 용기
(Ah Yeah)
언제라도 우린 Together
We Them Girls
We Them Girls

평화로운 날을 맞이해
우린 FLAT 그 안에서
함께 웃고 사랑해
With my friends
이제 더 nævis와 함께
열어 갈 미래가 궁금해
결국 만나게 될 걸
nævis on the REAL MY WORLD

Hold up!
REAL MY WORLD

넌 거울에 비친 나
그보다 빛날 존재
말해 줄래?
언제까지나 함께란 걸

따라와 (Bow down)
지켜봐 (My skill)
놀랄걸 (Say wow)
We coming
소리쳐 (Get loud)
들어봐 (My sound)
불러봐 (Upgrade)
We coming

혼돈 속에서 피어나
(We Them Girls)
두려움에 맞설 그런 용기
(Ah Yeah)
언제라도 우린 Together
We Them Girls
We Them Girls
We Them Girls
Girls!"
우리들의 블루스,임영웅,발라드,"잊지는 말아요 함께 했던 날들
눈물이 날 때면
그대 뒤를 돌아보면 돼요
아프지 말아요 쓸쓸한 마음에
힘든 일이 참 많았죠 그대에겐
내가 곁에 있을게요
그댈 위해 노래할게요
잊지 말아요
그댈 위해 약속할게요
언젠가 우리 시간 지나면
알게 되겠죠
그땐 웃을 수 있죠 나 약속할게요
그땐 미소 짓겠죠
작은 행복까지 모두
외롭고 지칠 때 손잡아 줄게요
슬픔이 짙어질 때면 위로해 줄
그 한 사람이 될게요
그대 부디 울지 말아요
슬퍼 말아요
그대에게 빛이 될게요
언젠가 우리 시간 지나면
알게 되겠죠
그땐 웃을 수 있죠 나 약속할게요
폭풍 속에 혼자 남아 헤매도 오
길이 되어 지킬게요 그대
그댈 위해 노래할게요
잊지 말아요
그댈 위해 약속할게요
어두운 길을 밝게 비추는
그대의 빛이 될게요"
도깨비불 (Illusion),aespa,댄스,"You’re so yummy yummy yummy
In my tummy tummy tummy

Look at you 빨라지는 걸음걸이
Look at me 호기심을 자극하지
Look at them 알아챌 수 없는 거리
Baby don’t panic 한밤의 Party

차올라 달이 딱 좋은 Timing
이건 비밀이야 쉿 우리만의
한밤의 Party 널 끌어당김
어쩌니 내게 뺏겨버린 환심

몽롱한 기분이 좋은 Tonight
색다른 세계로 이끄는 Light

Follow me, Come and get illusion
한입에 삼켜 널 Delicious
아찔한 미끼로 Hook up
관심을 먹고 Growing up
Follow me, Come and get illusion
몸집을 불려가 Delicious
점점 더 커지는 Fire
관심을 먹고 Growing up

(Will o' the wisp)
겁내지 말고 이리 온
(Will o' the wisp)
겁내지 말고 이리 온

Easy peasy 너도 알다시피
When you dizzy 내겐 그저 Dish
도깨비불 너를 놀려 Boo
예상 못 한 순간 등장하지 불쑥

첨 보는 Style 멋모를 Timing
너의 약점에다 Hit! It’s so funny
한밤의 Party 널 끌어당김
알아도 막을 수 없는 반칙

낯선 이 기분이 묘한 Tonight
감춰둔 본능을 이끄는 Light

Follow me, Come and get illusion
한입에 삼켜 널 Delicious
아찔한 미끼로 Hook up
관심을 먹고 Growing up
Follow me, Come and get illusion
몸집을 불려가 Delicious
점점 더 커지는 Fire
관심을 먹고 Growing up
(Will o' the wisp)
겁내지 말고 이리 온
(Will o' the wisp)
겁내지 말고 이리 온

Yummy yummy yummy
In your tummy tummy tummy
놀란 너의 Face 나를 저격하는 Taste
멀리멀리 달아나도 소용없어 이미
Come get illusion
So fool

Follow me, Come and get illusion
유일한 목격자 You’re the one
방심한 틈을 타 Swallow
환상을 먹고 Growing up
Follow me, Come and get illusion
순진한 먹잇감 Delicious
단번에 노리는 Hunter
네 맘을 뺏어 Growing up

(Will o' the wisp)
겁내지 말고 이리 온
(Will o' the wisp)
겁내지 말고 이리 온"
Love story,볼빨간사춘기,"인디음악, 포크/블루스","Thought that I was princess
날 좋아하던 그때
수줍게 꽃을 건네던 너에게
웃으며 손을 내밀었지
시간 지나 my birthday
우린 몰래 run away
온통 둘뿐인 밤거릴 걷다가
너와 눈이 마주친 그날
Oh babe 너의 눈동자에 cheers
달빛에 비춰진 우리의 흩어진 잔상
너의 이야기에 취해
밤하늘의 별이 쏟아질 것만 같은 기분
Oh god please this is not a dream
Thought that it was romance
날 바래다준 그때
수줍게 인사를 건네던 너에게
살며시 입을 맞추었지
시간 지나 go on trip
한 손엔 진한 커피
우리가 새긴 별자릴 찾다가
너와 눈이 마주친 그날
Oh babe 너의 눈동자에 cheers
달빛에 비춰진 우리의 흩어진 잔상
너의 이야기에 취해
밤하늘의 별이 쏟아질 것만 같은 기분
Oh oh oh 꿈인가 봐
그래 니가 내 옆에 있는 꿈
Oh oh no
아니잖아 이건 yeah
I got you boy
Oh babe 너의 눈동자에 cheers
붉게 물들어진 우리의 오래된 잔상
너의 이야기에 취해
온 세상의 별이 쏟아질 것만 같은 기분
Oh god please this is not a dream"
FOREVER 1,소녀시대 (GIRLS' GENERATION),댄스,"FOREVER 1
It’s love It’s love
We’re not stopping

네가 머문 이 세상이 더
아름다운 건
겁 없이 외치던 말 '사랑해 너를'
영원하기에
You and I

터지는 눈물이
말하잖아
난 그냥 전부 던진 거야

아무런 망설임 따위도
멋대로 끌렸던 그대로
Oh my baby 달려가 안을게

I love 너의 모든 것, 내 전부인 너
우리는 영원
We are one

전율 속에 뜨거운 그 맘을 던져
Just like a love bomb
We are one

Girls, We are forever
(Yeah we are, We’re still FOREVER 1)

It’s now or never
(We keep on, We’re still FOREVER 1)

Yeah we’re forever
(Yeah we are, We’re still FOREVER 1)

날 꼭 안아 절대 놓치지 마
가슴이 뛰잖아

다시는 아파하지 마
너의 마음을
우린 다 알아
다 알아

내 곁에 있어 줘
이 순간도 마지막처럼
You know your love is crazy 항상 그랬지
Oh my baby 사랑해 기억해

I love 너의 모든 것, 내 전부인 너
우리는 영원
We are one

전율 속에 뜨거운 그 맘을 던져
Just like a love bomb
We are one

Girls, We are forever
(Yeah we are, We’re still FOREVER 1)

It’s now or never
(We keep on, We’re still FOREVER 1)

Yeah we’re forever
(Yeah we are, We’re still FOREVER 1)

언제나 너의 곁에 있고 싶은데
널 생각하면 강해져
There’s no one like you, no one like you
우리 꼭 영원하자

우리 머문 이 세상에서
네게 말했어
다시 태어나도 널 사랑할게
Cause we are the one

I love 너의 (Ooh I Love 나의)
모든 것 내 전부인 너 (전부인 너)
우리는 영원 (Ooh)
We are one

전율 속에 (그 전율 속에)
뜨거운 그 맘을 던져
Just like a love bomb (Just like a love bomb)
We are one

Girls, We are forever
(Yeah we are, We’re still FOREVER 1)

It’s now or never
(We keep on, We’re still FOREVER 1)

Yeah we’re forever
(Yeah we are, We’re still FOREVER 1)"
FEARLESS,LE SSERAFIM (르세라핌),댄스,"Bam ba ba ba ba bam ba ba ba ba bam
Ba ba ba ba bam
Bam ba ba ba ba bam ba ba ba ba bam
Ba ba ba ba bam

제일 높은 곳에 난 닿길 원해 느꼈어 내 answer
내 혈관 속에 날뛰는 new wave 내 거대한 passion
관심 없어 과거에 모두가 알고 있는 그 트러블에 huh
I'm fearless a new b**ch new crazy 올라가 next one

밟아줘 highway highway
멋진 결말에 닿게
내 흉짐도 나의 일부라면
겁이 난 없지 없지

What you lookin’ at
What you what you lookin’ at
What you lookin’ at
What you what you lookin’ at
What you lookin’ at
What you what you lookin’ at
Mmmm I’m fearless huh

You should get away
Get a get a get away
다치지 않게 다치 다치지 않게
You should get away
Get a get a get away
Mmmm I’m fearless huh

Bam ba ba ba ba bam ba ba ba ba bam
Ba ba ba ba bam
Bam ba ba ba ba bam ba ba ba ba bam
Ba ba ba ba bam

욕심을 숨기라는 네 말들은 이상해
겸손한 연기 같은 건 더 이상 안 해
가져와 forever win 내게 ay
가슴팍에 숫자 1 내게 ay
내 밑으로 조아린 세계 ay
Take the world break it down break you down down

밟아줘 highway highway
멋진 결말에 닿게
내 흉짐도 나의 일부라면
겁이 난 없지 없지

What you lookin’ at
What you what you lookin’ at
What you lookin’ at
What you what you lookin’ at
What you lookin’ at
What you what you lookin’ at
Mmmm I’m fearless huh

You should get away
Get a get a get away
다치지 않게 다치 다치지 않게
You should get away
Get a get a get away
Mmmm I’m fearless huh

Bam ba ba ba ba bam ba ba ba ba bam
Ba ba ba ba bam
Bam ba ba ba ba bam ba ba ba ba
Mmmm I’m fearless huh

더는 없어 패배
준비된 내 payback
Bring it 당장 내게
Mmmm I’m fearless huh

What you lookin’ at
What you what you lookin’ at
What you lookin’ at
What you what you lookin’ at
What you lookin’ at
What you what you lookin’ at
Mmmm I’m fearless huh

You should get away
Get a get a get away
다치지 않게 다치 다치지 않게
You should get away
Get a get a get away
Mmmm I’m fearless huh"
내가 아니라도,주호,발라드,"사랑이었다 별거 없던 내 하루에
빛이 돼준 단한 사람
나보다 나를 더 아껴 주던 너를
그땐 왜 몰랐을까
행복이었다 다시는 없을 것 같던
잠시나마 행복했었다
다른 사람 곁에 있는 널
생각해 본 적 없지만
이젠 너를 보내줘야 할 것 같아
내가 아니라도
눈부시게 사랑받았을 너라서
그 소중한 시간을 나와 함께해 줘서
고마웠어
예쁘고 아름다웠던 너의 그날에
함께했던 그 모든 순간이 행복했어
내 전부였다 무엇도 바꿀 수 없던
우리라서 행복했었다
다른 누구라도
나보다 더 좋은 사람 만나서
이젠 나를 잊고 행복하게 살아
내가 아니라도
눈부시게 사랑받았을 너라서
그 소중한 시간을 나와 함께해 줘서
고마웠어
예쁘고 아름다웠던 너의 그날에
함께했던 그 모든 순간이 행복했어
어두웠던 내 하루에
빛이 되어주던 그날들을
어떻게 잊고 살아
과분했던 너라는 사람을 만나
누구보다 사랑했었다
내가 아니었다면
눈부시게 사랑받았을 너란 걸
이 세상에 누구보다 더 잘 알아서
미안했어 너와 함께한 날들이
더 말할 게 있을까
행복한 기억만 가져갈게"
LOVE me,BE'O (비오),랩/힙합,"Hey girl, Where you at? (Where you at?)
대체 어디서 뭐 하는지 궁금해
기분이 너무 Bad Bad (So bad)
침대가 허전해 잠이 안 오잖아

재미도 없어 TV show
너 데리고 놀던 Pretty boy
그 고민을 내게 털어놓던
너의 표정이 아직 선명해

소파에 벤 니 향기가 비릿해
내 몸이 자꾸 빠져 깊이 Yeah
미리 알아도 난 이리
멍청하게 행동을 해버린다니까

Oh please
Love me love me love me
I know, I'm stupid
어쩔 수 없어 널 보고 싶은걸

Oh please
Love me love me love me
I know, I'm stupid
어쩔 수 없어 널 보고 싶은걸

Now I say I love you
So I love you
Now I say I love you
나 아프더라도 몰라

Now I say I love you
So I love you
Now I say I love you
나 아프더라도 몰라

Oh please
Love me love me love me
I know, I'm stupid
어쩔 수 없어 널 보고 싶은걸

Oh please
Love me love me love me
I know, I'm stupid
어쩔 수 없어 널 보고 싶은걸
Now I say I love you

Try Try
말할까 내 불안에 불안을
끊겼다는 Wi-Fi
이젠 안 믿어 Lie Lie
매일 빠져있던 너의 반지같이
허전함 사이사이
그 자리의 기회를
아무에게나 주고 또 Bye Bye

너는 넘 빨리 들렀다 가기 땜에
나는 타이밍 안 맞아 매일 바삐
화를 내야 할지 아니면 그냥 아기처럼
울어버리고서 떼를 써야 할지

I don't know 아예 모르겠어
이러니 내가 노력해도
시간이 없으니 어쩌겠어
할 말이 하나밖에 더 있겠어

Oh please
Love me love me love me
I know, I'm stupid
어쩔 수 없어 널 보고 싶은걸

Oh please
Love me love me love me
I know, I'm stupid
어쩔 수 없어 널 보고 싶은걸

Now I say I love you
So I love you
Now I say I love you
나 아프더라도 몰라

Now I say I love you
So I love you
Now I say I love you
나 아프더라도 몰라

Oh please
Love me love me love me
I know, I'm stupid
어쩔 수 없어 널 보고 싶은걸

Oh please
Love me love me love me
I know, I'm stupid
어쩔 수 없어 널 보고 싶은걸
Now I say I love you

Oh please
Love me love me love me

Oh please
Love me love me love me

Oh please
Love me love me love me
I know, I'm stupid
어쩔 수 없어 널 보고 싶은걸
Now I say I love you"
다시 만날 수 있을까,임영웅,발라드,"너를 위해 해 줄 것이 하나 없어서
보낼 수밖에 없었고
네가 없이 사는 법을 알지 못해서
순간순간을 울었다
후회로 가득한 한숨 자락이
시린 바람처럼
가슴 치는 날 그 언젠가
우리 만날 수 있을까
다시 만날 수 있을까
그리 좋던 예전처럼 그때처럼
되돌아갈 수 있을까
다시 우리가 만나면
무엇을 해야만 할까
서로를 품에 안고서
하염없이 눈물만 흘려볼까
붙잡을 마음이야 없었겠냐마는
그때 난 부끄러웠다
떳떳하게 일어나 널 다시 찾아갈
뜨거운 꿈만 꾸었다
둘이 함께 했던 순간순간이
시린 폭포처럼
쏟아지는 날 그 언젠가
우리 만날 수 있을까
다시 만날 수 있을까
그리 좋던 예전처럼 그때처럼
되돌아갈 수 있을까
다시 우리가 만나면
무엇을 해야만 할까
서로를 품에 안고서
하염없이 눈물만 흘려볼까
그리운 마음이 서럽게 흘러넘쳐
너에게 닿을 때
우리 만날 수 있을까
다시 만날 수 있을까
그리 좋던 예전처럼 그때처럼
되돌아갈 수 있을까
다시 우리가 만나면
무엇을 해야만 할까
서로를 품에 안고서
하염없이 눈물만 흘려볼까"
봄여름가을겨울 (Still Life),BIGBANG (빅뱅),록/메탈,"이듬해 질 녘 꽃 피는 봄 한여름 밤의 꿈
가을 타 겨울 내릴 눈 1년 네 번 또다시 봄

정들었던 내 젊은 날 이제는 안녕
아름답던 우리의 봄 여름 가을 겨울

“Four seasons with no reason.”
비 갠 뒤에 비애(悲哀) 대신 a happy end
비스듬히 씩 비웃듯 칠색 무늬의 무지개
철없이 철 지나 철들지 못해(still)
철부지에 철 그른지 오래, Marchin’ 비발디
차이코프스키, 오늘의 사계를 맞이해
마침내, 마치 넷이 못내

Boy 저 하늘만 바라보고서
사계절 잘 지내고 있어 Good-bye
떠난 사람 또 나타난 사람
머리 위 저세상
난 떠나 영감의 amazon
지난 밤의 트라우마 다 묻고
목숨 바쳐 달려올 새 출발 하는 왕복선
변할래 전보다는 더욱더
좋은 사람 더욱더
더 나은 사람 더욱더
아침 이슬을 맞고 내 안에 분노 과거에 묻고
For Life

울었던 웃었던 소년과 소녀가 그리워 나
찬란했던 사랑했던 그 시절만 자꾸 기억나

계절은 날이 갈수록 속절없이 흘러
붉게 물들이고 파랗게 멍들어 가슴을 훑고

언젠가 다시 올 그날 그때를 위하여 (그대를 위하여)
아름다울 우리의 봄 여름 가을 겨울

La la la la la la la la la la la
La la la la la la la la la la la
La la la la la la la la la la la
La la la la la la la la la la la

이듬해 질 녘 꽃 피는 봄 한여름 밤의 꿈
가을 타 겨울 내린 눈 봄 여름 가을 겨울"
취중고백,김민석 (멜로망스),발라드,"뭐하고 있었니 늦었지만
잠시 나올래
너의 집 골목에 있는
놀이터에 앉아 있어
친구들 만나서 오랜만에
술을 좀 했는데
자꾸만 니 얼굴 떠올라
무작정 달려왔어
이 맘 모르겠니
요즘 난 미친 사람처럼
너만 생각해
대책없이 네가 점점 좋아져
아냐 안 취했어 진짜야
널 정말 사랑해
눈물이 날만큼 원하고 있어
정말로 몰랐니
가끔 전화해 장난치듯
주말엔 뭐할거냐며
너의 관심 끌던 나를
그리고 한번씩 누나 주려 샀는데
너 그냥 준다고
생색 낸 선물도 너 때문에 산거야
이 맘 모르겠니
요즘 난 미친 사람처럼
너만 생각해
대책없이 네가 점점 좋아져
아냐 안 취했어 진짜야
널 정말 사랑해
진심이야 믿어줘
갑자기 이런 말 놀랐다면 미안해
부담이 되는게 당연해
이해해 널
하지만 내 고백도 이해해 주겠니 oh
지금 당장 대답하진마
나와 일주일만 사귀어줄래
후회없이 잘 해주고 싶은데
그 후에도 니가 싫다면
나 그때 포기할게
귀찮게 안할게 혼자 아플게
진심이야 너를 사랑하고 있어"
ELEVEN,IVE (아이브),댄스,"따분한 나의 눈빛이
무표정했던 얼굴이
널 보며 빛나고 있어
널 담은 눈동자는 odd

내 안에 빼곡하게 피어나는 blue
내가 지금 느끼는 이 감정들은 true
내 입술을 간지럽힌 낯선 그 이름
난 몰랐어 내 맘이 이리 다채로운지

긴 꿈을 꾸게 해 이 방은 작은 heaven
춤을 추곤 해 실컷 어지러울 만큼
Oh my, oh my god
한 칸 더 채우고 있어
잘 봐 1, 2, 3, 4, 5, 6, 7
You make me feel like eleven

투명한 너와 나의 사이
가만히 들여다보다
일렁인 물결 속으로
더 빠져드는 걸

그날 향기로운 보랏빛의 mood
셀 수 없이 반복해도 기분 좋은 꿈
감히 누가 이렇게 날 설레게 할 줄
난 몰랐어 내 맘이 이리 다채로운지

긴 꿈을 꾸게 해 이 방은 작은 heaven
춤을 추곤 해 실컷 어지러울 만큼
Oh my, oh my god
한 칸 더 채우고 있어
잘 봐 1, 2, 3, 4, 5, 6, 7
You make me feel like eleven

내 앞에 있는 너를
그 눈에 비친 나를 (그 눈에 비친 나를)
Aya, aya, aya (가만히 바라봐)
내 앞에 있는 너를
그 눈에 비친 나를
가만히 바라봐

Don't say now
서둘러 오진 마
이 순간이 좋아 난
미처 몰랐어 내 맘이 이리 다채로운지

긴 꿈을 꾸게 해 이 방은 작은 heaven
춤을 추곤 해 실컷 어지러울 만큼
Oh my, oh my god
한 칸 더 채우고 있어
잘 봐 1, 2, 3, 4, 5, 6, 7
You make me feel like eleven

내 앞에 있는 너를
그 눈에 비친 나를
Aya, aya, aya
내 앞에 있는 너를
그 눈에 비친 나를
사랑하게 됐거든"
무지개,임영웅,록/메탈,"오늘 하루 어땠었나요
많이 힘들었나요
쉬지 않고 달려왔던 길에서
나와 함께 쉬어가요
그냥 아무런 준비도 없이
떠나볼까요
평범해도 좋으니까
우리 함께 가요
Du Du Du Du Du
행복 가득 담은 배낭 하나 메고서
답답했던 일상과 도심을 벗어나
Du Du Du Du
Du Du Du Du
떠나볼래요
힘껏 살다 보니 무뎌져
헝클어진 머리도
괜찮다며 그댈 안아줄 사람
바로 그대 곁에 있죠
까만 선글라스 하나 챙겨서
떠나볼까요
평범해도 좋으니까
우리 함께 가요
Du Du Du Du Du
행복 가득 담은 배낭 하나 메고서
답답했던 일상과 도심을 벗어나
Du Du Du Du
Du Du Du Du
떠나볼래요
우리 함께 가요
Du Du Du Du Du
행복 가득 담은 배낭 하나 메고서
답답했던 일상과 도심을 벗어나
Du Du Du Du
Du Du Du Du
떠나볼래요
우리 함께 가요
Du Du Du Du Du
Du Du Du Du
Du Du Du Du
떠나볼래요
Du Du Du Du
Du Du Du Du
떠나볼래요
Du Du Du Du
Du Du Du Du
지금 떠나요"
Cookie,NewJeans,댄스,"내가 만든 쿠키
너를 위해 구웠지
But you know that it ain’t for free, yeah

내가 만든 쿠키
너무 부드러우니
자꾸만 떠오르니

널 choco-chip으로
Sprinkle로
입맛 버리게 만들고 싶어
숨기고 있지만 널 더 보고 싶어

If you want it
You can get it
If you want it
네 목소리를 또 들려줘 boy

식사는 없어 배고파도
음료는 없어 목말라도
달콤한 맛만 디저트만 만
원하게 될 거 알잖아

식사는 없어 배고파도
음료는 없어 목말라도
달콤한 맛만 디저트만 만
원하게 될 거 알잖아

내가 만든 쿠키
너에게는 독이지
네 마음속을 녹이지
So good, yeah

Looking at my cookie
역시 향기부터 다르니 (Taste it)
한입은 모자라니

널 choco-chip으로
Sprinkle로
정신 못 차리게 만들고 싶어
숨기고 있지만 널 더 보고 싶어

If you want it
You can get it
If you want it
네 목소리를 또 들려줘 boy

식사는 없어 배고파도
음료는 없어 목말라도
달콤한 맛만 디저트만 만
원하게 될 거 알잖아

식사는 없어 배고파도
음료는 없어 목말라도
달콤한 맛만 디저트만 만
원하게 될 거 알잖아

Bet you know
Bet you know
Bet you know I
레시핀 없어 딴 데서는 못 찾아

Take it
Don't break it
I wanna see you taste it
Sugar, got sugar
난 재료 안 아끼지

Bet you know
Bet you know
Bet you know I
네 다이어트를 망치고 싶어 나

Take it
Don’t break it
I wanna see you taste it
Sugar, got sugar
Bet you want some

식사는 없어 배고파도
음료는 없어 목말라도
달콤한 맛만 디저트만 만
원하게 될 거 알잖아

식사는 없어 배고파도
음료는 없어 목말라도
달콤한 맛만 디저트만 만
원하게 될 거 알잖아

Yeah yo
Yeah yo
Mm mm
Yeah yo
Yeah yo
Mm mm

내가 만든 쿠키
Come and take a lookie
우리 집에만 있지 놀러 와

얼마든지 굽지
그런데 너 충치
생겨도 난 몰라

내가 만든 쿠키
Come and take a lookie
우리 집에만 있지 놀러 와

얼마든지 굽지
그런데 너 충치
생겨도 난 몰라"
열이올라요 (Heart Burn),선미,댄스,"그대 아무런 말도 하지 마요
이 맘은 여전히 그대로예요
따가운 햇살 그 아래 우리
이 분위기 난 좋아요
어떡해 나 숨이 가빠져요
그렇게 쳐다보면
열이 올라요 에오
뜨거워진 온도 탓일까요
약이 올라요 에오
한번쯤은 무너져줄게요
에오 에오
열이 올라요
에오 에오
여름 밤 열긴 밤새 식지 않고
나는 자꾸 위험한 춤을 춰요
따가운 햇살 적당한 바람
이 분위기 난 좋아요
어떡해 나 이제 못 참아요
그렇게 쳐다보면
열이 올라요 에오
뜨거워진 온도 탓일까요
약이 올라요 에오
한번쯤은 무너져 줄게요
올라 올라 라라라 요
올라 올라 라라 라요 라요
올라 올라 라라 라요
올라 올라 라라
잔뜩 취한 듯한 기분
좀 더 높이 날 데려다 줘
잠에 든 도시 타오른 밤이
식기전에 한번만 더
열이 올라요 에오
뜨거워진 온도 탓일까요
약이 올라요 에오
한번쯤은 무너져 줄게요
에오 에오
열이 올라요
에오 에오"
이제 나만 믿어요,임영웅,성인가요/트로트,"무얼 믿은 걸까 부족했던 내게서
나조차 못 믿던 내게 여태 머문 사람
무얼 봤던 걸까 가진 것도 없던 내게
무작정 내 손을 잡아 날 이끈 사람
최고였어
그대 눈 속에 비친 내 모습
이제는 내게서 그댈 비춰줄게
궂은 비가 오면
세상 가장 큰 그대 우산이 될게
그댄 편히 걸어가요
걷다가 지치면
내가 그대를 안고 어디든 갈게
이제 나만 믿어요
나만 두고 가던
나만 스쳐 간 행운이 모여
그대가 되어서 내게 와준 거야
궂은 비가 오면
세상 가장 큰 그대 우산이 될게
그댄 편히 걸어가요
걷다가 지치면
내가 그대를 안고 어디든 갈게
이제 나만 믿어요
나의 마지막 주인공이 되어
다신 누구 앞에서도
그대는 고개 숙이지 마요
내가 보지 못했던 홀로 고단했던 시간
고맙고 미안해요 사랑해요
이 세상은
우리를 두고 오랜 장난을 했고
우린 속지 않은 거야
이제 울지 마요
좋을 땐 밤새도록 맘껏 웃어요
전부 그대 꺼니까
그대는 걱정 말아요
이제 나만 믿어요"
다정히 내 이름을 부르면,"경서예지, 전건호",발라드,"끝없이 별빛이 내리던 밤
기분 좋은 바람이
두 빰을 스치고
새벽 바다 한곳을 보는
아름다운 너와 나
그림을 그려갔어
모래 위 떨린 손끝으로
날 향해 웃어주는 입술
끝 모양과 저 달보다
사랑스러운 두 눈을 가진 네가
다정히 내 이름을
부르면 내 마음이
녹아내려 언제나
나 하날 위해 준비된
선물 같아 널 안으면
잠들지 않는 바다 위를
너와 함께 걷는 거 같아
하늘 아래 너와 나
남은 내 모든 날을 너에게
다 줘도 안 아까워
이제서야 내가
사랑에 눈을 뜬 건 가봐
경험하지 못했고
믿기지 않는 일만
일어나고 있는 거 아니
5월에 피는 봄꽃 처럼
내 사랑도 피어나
부는 바람에 살며시 실어 보내
다정히 내 이름을
부르면 내 마음이
녹아내려 언제나
나 하날 위해 준비된
선물 같아 널 안으면
잠들지 않는 바다 위를
너와 함께 걷는 거 같아
하늘 아래 너와 나
설레는 지금이
꿈이 아닌 걸 알잖아
난 더 바랄 게 없어
먼 훗날 내 생애
아주 작은 소리로
귓가에 말할 거야
내 곁에 머물러줘서
마음 다해 고맙다고
어떤 말로도 표현 못 할
내 인생의 전부였다고
이 순간 너를 꼭 안고
고백할게 언제나
우리 모든 날들과
별빛 아래 우리 그림자
제일로 특별하다고
길고 긴 겨울 끝을 지나
너의 앞에 서있는 지금
선명한 목소리로
널 사랑한다고
말할게"
Feel My Rhythm,Red Velvet (레드벨벳),댄스,"Red Velvet

무도회를 뒤집어
작은 소란을 또 일으켜
This is gonna be a crazy night
(To-na-na-na-na-na-night)

등장부터 인사까지 파격적이게
우리 살짝 놀아볼까
솔직하게 Bae bae
지금부터 시작해 볼게
(Feel my vibe and sway)

꽃가루를 날려
폭죽을 더 크게 터트려
우릴 오만과 편견에 가두지 마
자유로워 지금

Feel my rhythm Come with me
상상해 봐 뭐든지
노래를 따라서 저 달빛에 춤을 춰
바로 지금 (Play my rhythm)

Follow follow my heartbeat
해가 떠올 때까지
Feel my rhythm 멈추지 말아 줘
이 순간을 놓지 마 Baby

차는 Old and Classic
(Just ride)
이제 조금 낯선 다른 차원까지
(Get loud)
상상할 수 없던 곳 시간 속
예고 없이 등장해
이 밤은 멋지고 우린
Fun and wild and brave

시선을 끄는 네 Motion
G-give me a new direction
끝없는 Black hole처럼
빠져드는 Sweet emotion
너를 태운 채 (Sway)
어디로든 떠날래 (Way)
온 세상 모든 경계를
다 휘저을래 (Oh yeah)

꽃가루를 날려
(흩날려)
Champagne을 더 크게 터트려
(마음껏)
더는 어제와 내일에 가두지 마
자유로워 지금

Feel my rhythm Come with me
상상해 봐 뭐든지
노래를 따라서 저 달빛에 춤을 춰
바로 지금 (Play my rhythm)

Follow follow my heartbeat
해가 떠올 때까지
Feel my rhythm 멈추지 말아 줘
이 순간을 놓지 마 Baby

온 세상이 멈추는 순간
What a what a feeling
어서 내 손을 잡아
(All right)
본 적 없던 Film
빠져드는 You and I
Next time 시계를 돌려
어디로 가볼까
Come on 또다시 시작해
You and I

Feel my rhythm Come with me
상상해 봐 뭐든지
노래를 따라서 저 달빛에 춤을 춰
바로 지금 (Play my rhythm)

Follow follow my heartbeat
해가 떠올 때까지
Feel my rhythm 끝나지 않는 꿈
이 순간을 놓지 마 Baby"
아버지,임영웅,발라드,"하얀 머리 뽑아 달라며
한 개 백 원이라던
그 시절 다 지나가고
이젠 흰 눈만 남았네
그렇게도 힘이 드냐며
나를 위로하시다
어느새 잠들어버린
주름만 남은 내 아버지
세상이 아무리 힘들어도
당신 있으면 견딜 것 같아
오래오래 날 지키며
그냥 곁에만 있어 주세요
활짝 웃는 모습이 어린애 같아 보여도
아프다 말도 못 하는 사람
이제는 내가 지켜줄게
어린아이로 돌아가 버린
사랑하는 내 아버지
오래오래 날 지키며
그냥 곁에만 있어 주세요
활짝 웃는 모습이
어린애 같아 보여도
아프다 말도 못 하는 사람
이제는 내가 지켜줄게
어린아이로 돌아가 버린
사랑하는 내 아버지
사랑해요 내 아버지"
Clink Clink (클링 클링),WSG워너비 (오아시소),댄스,"Ooh uh yeah Uhh yeah yeah

We're stopping the Clock (Aw yeah!) 음악을 틀어 (음악을 틀어!)
꽉 막혀 버린 하이 웨이로 Here we come Oh yeah

창문을 내려 (woo! Woo!) 바람을 느껴 (바람을 느껴)

이 여름 우린 so crazy
집에 안 갈 거예요 oh yeah (uh! Uh! ah yeah)

망설일 필요 없어 You know this is how we do 뛰어 들어가 (ah yeah!)

저 파란 바다로

Clink Clink (Clink!) 반짝거리는 너
Clink Clink (Clink!) 우린 Free and young

파도 위 하얀 거품이 예뻐요 (예뻐!)
온몸 부딪혀 봐요 신나죠 (aw yeah!)

Clink Clink (Clink!) 석양이 물들면
Clink Clink (Clink!) Driving into the stars

노을 진 해변가 따라 춤춰요 별이 떨어지는 소릴 들어요

Cruising, 다른 섬을 가보자 기억해, 가는 곳이 길이야

we hot, we hot, we are the hottest
No way no way 어딜 넘 봐 (woo)

잔 속 알콜은 필요 없지
널 보기만 해도 웃음이 터지지 (ah yeah)

눈이 부셔 네가 부셔 널 사랑하나 봐 yeah

너무 짧은 시간도 그림 같은 하늘도 사진에 담자

야 그래 웃어 봐

Clink Clink (Clink!) 반짝거리는 너
Clink Clink (Clink!) 우린 Free and young

파도 위 하얀 거품이 예뻐요 (예뻐!)
온몸 부딪혀 봐요 신나죠 (ah yeah!)

Clink Clink (Clink!) 석양이 물들면
Clink Clink (Clink!) Driving into the stars
노을 진 해변가 따라 춤춰요 별이 떨어지는 소릴 들어요

벼 벼 별이 지고 (별이 져~)
벼 벼 별이 피고 (별이 피고 지고~)
Fa fa fa fall in love with me (ah yeah~)

하루종일 우리 이렇게 붙어 있던 적이 언제야 (uh!) ah yeah (ah yeah!)

이젠 헤어지고 싶지 않아

저 파란 바다로

Clink Clink (Clink!) 반짝거리는 너 (반짝인 너~)
Clink Clink (Clink!) 우린 Free and young (free and young~)

파도 위 하얀 거품이 예뻐요 (예쁜 그대~)
온몸 부딪혀 봐요 신나죠

Clink Clink (Clink!) (Ooh~) 석양이 물들면
Clink Clink (Clink!) Driving into the stars (into the star yeah eh~)

노을 진 해변가 따라 춤춰요 별이 떨어지는 소릴 들어요
(yeah I’m dancing with you~)


벼 벼 별이 지고 (별이 져~)
벼 벼 별이 피고 (별이 피고 지고~)
Fa fa fa fall in love with me (fall in love with me~)

벼 벼 별이 지고 (별이 지고~)
벼 벼 별이 피고 (별이 피고~)
Fa fa fa fall in love with me (love with me~)

벼 벼 별이 지고 (hm~)
벼 벼 별이 피고 (hm~)
Fa fa fa fall in love with me"
신호등,이무진,록/메탈,"이제야 목적지를 정했지만
가려한 날 막아서네 난 갈 길이 먼데
새빨간 얼굴로 화를 냈던
친구가 생각나네
이미 난 발걸음을 떼었지만
가려한 날 재촉하네 걷기도 힘든데
새파랗게 겁에 질려 도망간
친구가 뇌에 맴도네
건반처럼 생긴 도로 위
수많은 동그라미들 모두가
멈췄다 굴렀다 말은 잘 들어
그건 나도 문제가 아냐
붉은색 푸른색 그 사이
3초 그 짧은 시간
노란색 빛을 내는
저기 저 신호등이
내 머릿속을 텅 비워버려
내가 빠른지도
느린지도 모르겠어
그저 눈앞이 샛노랄 뿐이야
솔직히 말하자면 차라리
운전대를 못 잡던 어릴 때가
더 좋았었던 것 같아
그땐 함께 온 세상을
거닐 친구가 있었으니
건반처럼 생긴 도로 위
수많은 조명들이 날 빠르게
번갈아 가며 비추고 있지만
난 아직 초짜란 말이야
붉은색 푸른색 그 사이
3초 그 짧은 시간
노란색 빛을 내는 저기 저 신호등이
내 머릿속을 텅 비워버려
내가 빠른지도
느린지도 모르겠어
그저 눈앞이 샛노랄 뿐이야
꼬질꼬질한 사람이나
부자 곁엔 아무도 없는
삼색 조명과 이색 칠 위에
서 있어 괴롭히지 마
붉은색 푸른색 그 사이
3초 그 짧은 시간
노란색 빛을 내는 저기 저 신호등이
내 머릿속을 텅 비워버려
내가 빠른지도
느린지도 모르겠어
그저 눈앞이 샛노랄 뿐이야"
해요 (2022),#안녕,"발라드, 인디음악","그녀와 나는요 그땐 참 어렸어요
많이 사랑했고 때론 많이 다퉜었죠
지금 생각하면 모두 내 잘못이죠
마지막 그날도 그녀는 울었어
나는 그녈 잡지 못했죠
지금까지도 너무 후회가 돼요
그 후로 누굴 사랑한 적 없어 아직은
그녀와 나는요
언젠가 만날 거죠
변해버린 모습 변해버린 시간 속에
하지만 괜찮아 내 눈엔 아름답던
예전 모습 그대로 일 거예요
그녀도 날 못 잊을 거야 나는 믿어요
그만큼 사랑했죠
그래서 우린 한 번은 만나야만 해요
그녀의 친구라도 이 노랠 듣는다면
그녀에게 전해줘요
내가 아직 사랑한다고
우리가 처음 만난 그 시간 그 자리에
내가 매일 기다린다고
언제라도
그녀도 날 못 잊을 거야 나는 믿어요
그만큼 사랑했죠
그래서 우린 한 번은 만나야만 해요
그녀의 친구라도 이 노랠 듣는다면
그녀에게 전해줘요
내가 아직 사랑한다고
우리가 처음 만난 그 시간 그 자리에
내가 매일 기다린다고
그녀의 친구라도 이 노랠 듣는다면
그녀에게 전해줘요
내가 아직 사랑한다고
우리가 처음 만난 그 시간 그 자리에
내가 매일 기다린다고
내가 매일 기다린다고"
That's Hilarious,Charlie Puth,POP,"Verse 1:
Look how all tables,
Look how all the tables have turned,
Guess you’re finally realizing how bad you messed it up
Girl you’re only making,
Girl you’re only making it worse,
When you call like you always do when you want someone


Pre-Chorus:
You took away a year,
of my fucking life and I can’t get it back no more
So when I see those tears,
Coming out your eyes I hope it’s me there for


Chorus:
You didn’t love when you had me
But now you need me so badly
You can’t be serious
That’s hilarious
Thinking I would still want you
After the things you put me through
Yea You’re delirious
That’s hilarious


Verse 2:
Now you put the blame in,
Now you put the blame in reverse,
Tryina make me feel guilty for everything you’ve done
You’re another lesson,
You’re just another lesson I learned
Don’t give your heart to a girl who still got a broken one


Pre-Chorus:
You took away a year,
of my fucking life & I can’t get it back no more
So when I see those tears,
Coming out your eyes I hope it’s me there for


Chorus:
You didn’t love when you had me
But now you need me so badly
You can’t be serious
That’s hilarious
Thinking I would still want you
After the things you put me through
Yea You’re delirious
That’s hilarious
You didn’t love when you had me
But now you need me so badly
You can’t be serious (you can’t be serious)
That’s hilarious (that’s hilarious)
Thinking I would still want you
After the things you put me through
Yea You’re delirious (delirious)
That’s hilarious (that’s hilarious)"
STAY,"The Kid LAROI, Justin Bieber",POP,"I do the same thing I told you
that I never would
I told you I'd change
even when I knew I never could
I know that I can't find
nobody else
as good as you
I need you to stay
need you to stay hey Oh
I get drunk wake up
I'm wasted still
I realize the time
that I wasted here
I feel like you can't
feel the way I feel
Oh I'll be fucked up
if you can't be right here
Oh ooh-woah
Oh ooh-woah ooh-woah
Oh ooh-woah
Oh ooh-woah ooh-woah
Oh ooh-woah
Oh ooh-woah ooh-woah
Oh I'll be fucked up
if you can't be right here
I do the same thing I told you
that I never would
I told you I'd change
even when I knew I never could
I know that I can't find
nobody else
as good as you
I need you to stay
need you to stay hey
I do the same thing I told you
that I never would
I told you I'd change
even when I knew I never could
I know that I can't find
nobody else
as good as you
I need you to stay
need you to stay hey
When I'm away from you
I miss your touch Ooh
You're the reason
I believe in love Ooh
It's been difficult
for me to trust Ooh
And I'm afraid
that I'ma fuck it up Ooh
Ain't no way
that I can leave you stranded
'Cause you ain't ever left me
empty-handed
And you know that I know
that I can't live without you
So baby stay
Oh ooh-woah
Oh ooh-woah ooh-woah
Oh ooh-woah
Oh ooh-woah ooh-woah
Oh ooh-woah
Oh ooh-woah ooh-woah
I'll be fucked up
if you can't be right here
I do the same thing I told you
that I never would
I told you I'd change
even when I knew I never could
I know that I can't find
nobody else
as good as you
I need you to stay
need you to stay hey
I do the same thing
I told you that I never would
I told you I'd change
even when I knew I never could
I know that I can't find
nobody else
as good as you
I need you to stay
need you to stay hey
Woah-oh
I need you to stay
need you to stay hey"
A bientot,임영웅,랩/힙합,"A bientot
A bientot
이 밤이 지나면 괜찮아질 수 있을까
쓰린 내 맘이 회복될 수가 있을까
네가 떠난 빈자리가 너무 크니까
그 공허함에 깔려 겨우 살고 있잖아
기억은 잔인하고 후유증은 지독해
겨우 잠을 이뤄도 꿈자리는 뒤숭숭해
마음의 반을 도려내 버리고 난 후에
너라는 감옥에서 풀려날 수 있었네
38도 탕 안처럼 포근한
그날의 온도는 아직도 나의 가슴에
깊게 뿌리내려 뻗어 미련이란 놈은
공기처럼 내 마음을 드나드네
넌 빌런이자 하나님이야
셀 수 없는 많은 노래를
잉태하고 부숴버렸네
널 향해 나는 기도해
널 향해 나는 기도해
A bientot
A bientot
인생은 너무 외로워
너에게 전화를 거네요
A bientot
A bientot
인생은 너무 외로워
너에게 전화를 거네요
이럼 안되지만
그때 우린 뜨거운 용암처럼 사랑했네
너의 영은 열이 되어 내 몸에 있네
가열된 너의 온기가 아직도 식질 않네
늦은 새벽 눈물로 가득 찬 내 베개
사진에 찍혀 있던 우리들의 손가락
추억이 되어 흘러내리는 그 손가락
우리의 추억들이 나는 너무 좋았지
라디오에서 소개된 사연들처럼
난 요새
Young Thug Pick Up The Phone
꽂혀있어
너는 어떤 노래를 듣는지 궁금해
아직도 힙합을 듣고 있어
힙합을 듣고 있다면 언젠가
이 노래도 들을 수 있을까
넌 나에게 음악 그 이상의 존재였어
서로를 이해하는 법 몰랐었던 우리들
서툶 때문에 상처를 주고받곤 했잖아
함께 나눈 감정들 너무 달달했기에
다시 예전으로 발걸음을 돌려보려 해도
A bientot
A bientot
인생은 너무 외로워
너에게 전화를 거네요
A bientot
A bientot
인생은 너무 외로워
너에게 전화를 거네요
이럼 안되지만
인생이 너무 외로워
허공에 말을 걸지만
그건 단조로운 리듬이 돼
그건 단조로운 리듬이 돼
마음이 너무 외로워
허공에 말을 걸지만
그건 단조로운 리듬이 돼
그건 단조로운 리듬이 돼
그건 단조로운 리듬이
그건 단조로운 리듬이 되고 있네
A bientot
A bientot
이제는 너를 잊을게 잊을게
A bientot"
손이 참 곱던 그대,임영웅,재즈,"손이 참 곱던 그대 어느새 이렇게
내 맘 깊숙이 스며들었나요
나 그대의 그 미소에
맘이 떨려 한순간
그대 때문에 음흠 그대여 음흠
날 받아 주세요
나 그대에게 안길게요
한순간에 일초만에
당장 너에게 달려갈게
저 붉은 태양보다 그대만
저 푸른 하늘보다 그대만
사랑해 너무 사랑해
세상 그 무엇보다
밝게 날 비추네 음흠
그대여 음흠
날 받아 준다면
다 그대에게 바칠게요
내 하루의 일분일초까지
당신만 생각할게
저 붉은 태양보다 그대만
저 푸른 하늘보다 그대만
사랑해 너무 사랑해
세상 그 무엇보다
밝게 날 비추네 음흠 그대여 유후
저 지는 노을보다 그대만
저 우주 별빛보다 그대만
사랑해 너를 사랑해
세상 그 무엇보다
밝게 날 비추네 음흠 그대여 음흠
손이 참 곱던 그대
내 맘 깊숙이
나 그대의 그 미소에 음흠"
I LOVE U,WINNER,댄스,"나도 이럴 줄 몰랐어
사랑에 빠진 싸이코
갇혀 버린 걸까
생각에 하루 종일

난 궁금해 너의 매일
은밀한 그 모든 게
너와 입을 맞추고
밤새도록 흔들고 싶어

내 어깨에
편하게 기대어줄래
우린 로맨틱한 영화 속
주인공 같아

빙빙 안 돌려 난 straight
밍밍하지만 담백한
진심을 네게 전할게
윙윙 울리게

I LOVE U hoo
귀에 못 박히게 또 또 말해 줄래
I LOVE U hoo
나보다 네가 더 좋아 (좋아) 그게 다야

Umm
Clap your hands
얼굴이 부티 나 헤벌레
Umm
Day by day 마음에 불이 나
그래 이 노랜

클리셰 덩어리 토픽 LOVE love sick
어찌하냐 눈에 박힌 콩깍지
아카시아꽃이 두 뺨에 피었지
곱게 개인 설렘을 꺼내 덮지

Yeah 말풍선을 보내 버블버블
Yeah 핑크빛이 몸에 얼룩덜룩
Yeah 이리로 갔다 저리로 갔다 비벼 환상
안정감이 내 방에 더블더블

내 어깨에
편하게 기대어줄래
우린 로맨틱한 영화 속
주인공 같아

빙빙 안 돌려 난 straight
밍밍하지만 담백한
진심을 네게 전할게
윙윙 울리게

I LOVE U hoo
귀에 못 박히게 또 또 말해 줄래
I LOVE U hoo
나보다 네가 더 좋아 (좋아) 그게 다야

Every night with you
깨기 싫은 꿈
전부 너라서 난 충분해
Baby it’s okay
네 입술에
또 말해 줄게
My baby

내일 당장이라도 세상이
다 무너지면 어떡해
지금 잠깐만이라도 내 마음이
시키는 대로 살래

온 낭만들이 전부
사라져버린 딱딱한 세상에
난 당당하게 너를
사랑한다고 크게 소리칠래

I LOVE U hoo
나보다 네가 더 좋아 (좋아) 그게 다야"
Dynamite,방탄소년단,댄스,"Cos ah ah
I’m in the stars tonight
So watch me bring the fire
and set the night alight
Shoes on get up in the morn
Cup of milk let’s rock and roll
King Kong kick the drum
rolling on like a rolling stone
Sing song when I’m walking home
Jump up to the top LeBron
Ding dong call me on my phone
Ice tea and a game of ping pong
This is getting heavy
Can you hear the bass boom
I’m ready
Life is sweet as honey
Yeah this beat cha ching
like money
Disco overload I’m into
that I’m good to go
I'm diamond you know I glow up
Hey so let’s go
Cos ah ah
I’m in the stars tonight
So watch me bring the fire
and set the night alight
Shining through the city
with a little funk and soul
So I’mma light it up
like dynamite woah
Bring a friend join the crowd
Whoever wanna come along
Word up talk the talk
just move like we off the wall
Day or night the sky’s alight
So we dance to the break of dawn
Ladies and gentlemen
I got the medicine
so you should keep ya
eyes on the ball huh
This is getting heavy
Can you hear the bass boom
I’m ready
Life is sweet as honey
Yeah this beat cha ching
like money
Disco overload
I’m into that I’m good to go
I'm diamond you know I glow up
Let’s go
Cos ah ah
I’m in the stars tonight
So watch me bring the fire
and set the night alight
Shining through the city
with a little funk and soul
So I’mma light it up
like dynamite woah
Dynnnnnanana life is dynamite
Dynnnnnanana life is dynamite
Shining through the city
with a little funk and soul
So I’mma light it up
like dynamite woah
Dynnnnnanana eh
Dynnnnnanana eh
Dynnnnnanana eh
Light it up like dynamite
Dynnnnnanana eh
Dynnnnnanana eh
Dynnnnnanana eh
Light it up like dynamite
Cos ah ah
I’m in the stars tonight
So watch me bring the fire
and set the night alight
Shining through the city
with a little funk and soul
So I’mma light it up
like dynamite
Cos ah ah
I’m in the stars tonight
So watch me bring the fire
and set the night alight
Shining through the city
with a little funk and soul
So I’mma light it up
like dynamite woah
Dynnnnnanana life is dynamite
Dynnnnnanana life is dynamite
Shining through the city
with a little funk and soul
So I’mma light it up
like dynamite woah"
Left and Right (Feat. Jung Kook of BTS),"Charlie Puth, 정국, 방탄소년단",POP,"INTRO
Memories follow me left and right
I can feel you over here I can feel you over here
you take up every corner of my mind
whatcha gon do now

VERSE 1 (Charlie Puth)
ever since the da day y-you went away
no I don't know how
how to erase your body from out my brain
whatcha gon do now
maybe I should just focus on me instead
But all I think about
are the nights we were tangled up in your bed

oh no (oh no)
oh no (oh no)
you’re going round in circles got you stuck up in my head (yeah)

CHORUS
Memories follow me left and right
I can feel you over here I can feel you over here
you take up every corner of my mind
your love stays with me day and night
I can feel you over here I can feel you over here
you take up every corner of my mind
whatcha gon do now

VERSE 2 (Jung Kook of BTS)
ever since the da da day y-you went away
someone tell me how
how much more do I gotta drink for the pain
whatcha gon do now
you did things to me that I just can't forget
now all I think about
are the nights we were tangled up in your bed
oh no (oh no)
oh no (oh no)
you're going round in circles got ya stuck up in my head

CHORUS
Memories follow me left and right
I can feel you over here I can feel you over here
you take up every corner of my mind
your love stays with me day and night
I can feel you over here I can feel you over here
you take up every corner of my mind
whatcha gon do now

BRIDGE
did ya know you’re the one that got away
and even now baby i'm still not ok
did ya know that my dreams they're are the same
everytime I close my eyes

CHORUS
Memories follow me left and right
I can feel you over here I can feel you over here
you take up every corner of my mind
whatcha gon do now
your love stays with me day and night
I can feel you over here i can feel you over here
you take up every corner of my mind
whatcha gon do now

I can feel you over here I can feel you over here
you take up every corner of my mind
whatcha gon do now"
사랑해 진짜,임영웅,포크/블루스,"숱한 날들 모두 내게 남아있는 추억들
빛바랜 기억들 사이
그대 모습만이 아련하게 빛나네
지나간 세월이 야속하진 않아
그댈 만났으므로
피어날 내일을 기대해 오
그대 내게 와줬으니
나 진짜 진짜 당신만을 사랑하고 사랑해
내 삶의 반쪽 그대만을
아 나는 그대만 보고 있어
아 나는 그대를 사랑합니다
오색빛의 색이 물든 미완성의 그림 하나
그래 내 마음 같겠지
어느 날 그대가 내게 오기 전까지
지나간 시간이 야속하진 않아
그댈 만났으므로
피어날 내일을 기대해
그대 내게 와줬으니
나 진짜 진짜 당신만을 사랑하고 사랑해
내 삶의 반쪽 그대만을
아 나는 그대만 보고 있어
아 나는 그대를 사랑합니다
내게 와준 그대여 고맙고 또 고마워
하늘이 무너져도 그댈 찾을 수 있어
나 진짜 진짜 당신만을 사랑하고 사랑해
내 삶의 반쪽 그대만을
아 나는 그대만 보고 있어
아 나는 그대를 사랑합니다
그대를 사랑합니다"
아무래도 난,주시크 (Joosiq),"R&B/Soul, 인디음악","아무렇지 않게 내 하루가 또
지나갈 쯤에 문득
네가 없다는 게 익숙해진 내가
낯설어지곤 해 yeah
이제와 너 없는 난 의미 없다고
되돌릴 수 없는 우리겠지만
네가 좋아했던 그 노랠 우연히
듣게 됐어 아무래도 난
Baby I Need You
좀 늦었겠지만
다시 하고 싶어
여전히 I Need you
Need You
좀 어렵겠지만
너 없인 안돼 난
너도 알잖아
Baby I need you now
Baby I need you now
Baby I need you now
몇 곡의 노래로 너를 불렀을까
너도 들었겠지만
아직도 궁금해
내가 없이 보낸
너의 지금은 어때
이제와 너 없는 난 의미 없다고
되돌릴 수 없는 우리겠지만
네가 좋아했던 그 노랠 우연히
불러 봤어 아무래도 난
Baby I Need You
좀 늦었겠지만
다시 하고 싶어
여전히 I Need you
Need You
좀 어렵겠지만
너 없인 안돼 난
너도 알잖아
Baby I need you now
Baby I need you now
Baby I need you now
그때 네가 울던 한강 공원에서
네 눈물을 보고 닦아 주질 못했어
이런 게 떠올라 후회된 장면만
웃는게 예뻤던 너를
Baby I Need You
여전히 사랑해
내가 잘못했어
돌아와 I Need you
Need You
너도 그랬다고
나없이 안돼 넌
너도 알잖아
Baby I need you now
Baby I need you now
Baby I need you now"
너의 모든 순간,성시경,"발라드, 국내드라마","이윽고 내가 한눈에
너를 알아봤을 때
모든 건 분명 달라지고 있었어
내 세상은 널 알기 전과 후로 나뉘어
니가 숨 쉬면 따스한 바람이 불어와
니가 웃으면 눈부신 햇살이 비춰
거기 있어줘서 그게 너라서
가끔 내 어깨에 가만히 기대주어서
나는 있잖아 정말 빈틈없이 행복해
너를 따라서 시간은 흐르고 멈춰
물끄러미 너를 들여다 보곤 해
그것 말고는 아무것도 할 수 없어서
너의 모든 순간 그게
나였으면 좋겠다
생각만 해도 가슴이 차올라
나는 온통 너로
보고 있으면 왠지 꿈처럼 아득한 것
몇 광년 동안 날 향해 날아온 별빛
또 지금의 너
거기 있어줘서 그게 너라서
가끔 나에게 조용하게 안겨주어서
나는 있잖아 정말 남김없이 고마워
너를 따라서 시간은 흐르고 멈춰
물끄러미 너를 들여다보곤 해
너를 보는 게 나에게는 사랑이니까
너의 모든 순간 그게
나였으면 좋겠다
생각만 해도 가슴이 차올라
나는 온통 너로
니 모든 순간 나였으면"
바보에게 바보가 (웹툰 '연애의 발견' X 이석훈),이석훈,발라드,"너무 걱정하지는 마
보란 듯이 살아 볼 거야
후회는 사치일 뿐이야
다시 시작해 볼게
나 어제 또 울었어
나 어제 또 슬펐어
왜 이런 바보를 사랑한 거니
네 마음이 예뻐서
네 사랑이 고마워
이젠 네 손을 잡고
다시 태어날 거야
바보도 사랑합니다
보내주신 이 사람
이제 다시는 울지 않을 겁니다
나 이제 목숨을 걸고
세상 아픔에서 지켜낼게요
이 사람을 사랑합니다
널 위한다는 그 이유로
너를 보낼 뻔했어
나 그렇게 바보야
넌 내 사랑 바보고
서로를 많이도 울게 했었지
네 사랑이 없다면
널 만날 수 없다면
아마 나는 평생을 후회하며 살 거야
바보도 사랑합니다
보내주신 이 사람
이제 다시는 울지 않을 겁니다
나 이제 목숨을 걸고
세상 아픔에서 지켜낼게요
이 사람을
널 위해 노력해 볼게
널 위해 살아갈게
나약한 마음 따윈 모두 버릴게
우리의 사랑을 위해
너의 손을 잡고 놓지 않을게
사랑하는 내 사랑 바보야"
인생찬가,임영웅,발라드,"꿈처럼 지나간 시간
나는 무얼 찾고 싶었나
지도도 없이 걸어온 삶을
후회하진 않으리
떠난 어제는 떠날 오늘로
남겨지기도 하지
나의 친구여 나의 형제여
내 이름 불러주오
미안하다 나의 인생아
앞만 보며 살아왔구나
찬란한 순간이여 영원하라
내일은 처음 가는 길
언제나처럼 또 두려워
버들강아지 활짝 웃는 날
후회하지 않으리
비가 내리면 노래하리
눈이 내려도 좋아
나의 친구여 나의 형제여
내 이름 불러 주오
미안하다 나의 인생아
앞만 보며 살아왔구나
찬란한 순간이여 영원하라
영원한 순간이여 찬란하라"
Yet To Come,방탄소년단,랩/힙합,"Was it honestly the best?
Cause I just wanna see the next
부지런히 지나온
어제들 속에
참 아름답게

Yeah the past was honestly the best
But my best is what comes next
I’m not playin’, nah for sure
그날을 향해
숨이 벅차게
You and I
best moment is yet to come
Moment is yet to come, yeah

다들 언제부턴가
말하네 우릴 최고라고
온통 알 수 없는 names
이젠 무겁기만 해
노래가 좋았다고
그저 달릴 뿐이라고
Promise that we’ll keep on coming back for more

너의 마음속 깊은 어딘가
여전한 소년이 있어
My moment is yet to come
Yet to come
(당신은 꿈꾸는가, 그 길의 끝은 무엇일까)
Moment is yet to come, yeah
(모두가 숨죽인 밤, 우린 발을 멈추지 않아)
Yet to come
(We gonna touch the sky, ‘fore the day we die)
Moment is yet to come, yeah
(자 이제 시작이야, the best yet to come)

언젠가부터 붙은 불편한 수식어
최고란 말은 아직까지 낯간지러워
난 난 말야 걍 음악이 좋은 걸
여전히 그때와 다른 게 별로 없는걸

아마 다른 게 별로 없다면
You’ll say it’s all a lie, yeah
난 변화는 많았지만
변함은 없었다 해
A new chapter
매 순간이 새로운 최선
지금 난 마치 열세 살
그때의 나처럼 뱉어
Huh

아직도 배울 게 많고
나의 인생 채울 게 많아
그 이유를 물어본다면
내 심장이 말하잖아
We ain’t about it 이 세상의 기대
We ain’t about it 최고란 기준의 step

(We ain’t about it)
왕관과 꽃, 수많은 트로피
(We ain’t about it)
Dream & hope & goin’ forward
(We so about it)
긴긴 원을 돌아 결국 또 제자리
Back to one

너의 마음속 깊은 어딘가
여전한 소년이 있어
My moment is yet to come
Yet to come
(당신은 꿈꾸는가, 그 길의 끝은 무엇일까)
Moment is yet to come, yeah
(모두가 숨죽인 밤, 우린 발을 멈추지 않아)
Yet to come
(We gonna touch the sky, ‘fore the day we die)
Moment is yet to come, yeah
(자 이제 시작이야, the best yet to come)

So was it honestly the best?
Cause I just wanna see the next
눈부시게 지나온
기억들 속에
참 아름답게

Yeah the past was honestly the best
But my best is what comes next
We'll be singin' till the morn
그날을 향해
더 우리답게
You and I
best moment is yet to come"
INVU,태연 (TAEYEON),댄스,"Falling in love
너에겐 난 Option
시작부터 다른 너와 나
깨지는 Heart
빗나간 네 Mention
익숙하거든

I think I lost my mind
But It’s my kind of love
아끼지 않고 다
쏟아내고는 주저앉아
문득 어느 순간
지친 내가 보여
애쓰고 있지만

So I can’t love you
Even though I do
밀어내 봐도
난 너를 못 이겨

날 버리고
날 잃을수록
넌 반짝이는 아이러니

So I N V U
I N V U
I N V U

기대지 마
기대하지도 마
몇 번을 되뇌고 되놰도
그 손길 한 번에
무너지는 날 볼 때
네 기분은 어때

I guess I lost my mind
Yeah It’s my kind of love
늘 처음인 것처럼
서툴러서 또 상처가 나
무뎌지기 전에
아물기도 전에
잔뜩 헤집어놔

So I can’t love you
Even though I do
밀어내 봐도
난 너를 못 이겨

날 버리고
날 잃을수록
넌 반짝이는 아이러니

So I N V U
I N V U
I N V U

식은 온기
부서진 맘이
자꾸 날 할퀴어
아파도 못 멈춰
So when you leave
Please make it easy
Cause I N V U

I N V U
I N V U
I N V U

I N V U"
GANADARA (Feat. 아이유),박재범,R&B/Soul,"길거리를 걷다 보면
사랑 노래만 흘러나와
나는 왜 저런 게 낯설까
난 한국말까지 서툴러
번역기도 전혀 도움 안 돼
네 맘엔 어떨까 걱정만
어떤 단어를 쓸지 I don’t know
어떤 말을 할지 I don’t know
나는 왜 이런지 I don’t know
You’re on my mind
어떤 단어를 쓸지 I don’t know
어떤 말을 할지 I don’t know
나는 왜 이런지 I don’t know
You’re on my mind
Baby 정말 생각 안 나
Body language로 자신 있어
보여줄게
girl just give me some your time
너를 보면 손에 땀 나
긴장 풀게 한 번 웃어줘
Let me take u on a magic carpet ride
손을 잡아 따라와
맑은 날씨 보름달
가르쳐줘 오늘 밤
가나다라마바사
손을 잡아 따라와
맑은 날씨 보름달
가르쳐줘 오늘 밤
가나다라마바사
너무 완벽하지 않아도
걱정 마 네 맘을 조금 알 것 같아
네게 좀 더 다가서 볼까
고민해 매일 밤
길거리를 걷다 보면
계속 계속 네 생각이 나
이런 내 모습이 왜 낯설까
번역기 위에서
헤매는 네 손가락까지
자꾸만 생각이 나는 걸
Body language도 나는 괜찮아
But 생각 안 나면 그냥 웃어줘
모든 것을 알려줄게 오늘 밤
내가 나쁜 남자처럼 보여도
너를 볼 때면 맘이 여려져
I wouldn’t mind if I died in your arms
손을 잡아 따라와
맑은 날씨 보름달
가르쳐줘 오늘 밤
가나다라마바사
손을 잡아 따라와
맑은 날씨 보름달
가르쳐줘 오늘 밤
가나다라마바사
손을 잡아 따라와
맑은 날씨 보름달
가르쳐줘 오늘 밤
가나다라마바사
손을 잡아 따라와
맑은 날씨 보름달
가르쳐줘 오늘 밤
가나다라마바사"
MY BAG,(여자)아이들,랩/힙합,"Red five diamonds in my bag
If you wanna see it, dance to a beat like that
My mama saw it and ‘Oh my god dang’
Ok I’ll show you what’s in my bag

Red five diamonds in my bag
If you wanna see it, dance to a beat like that
My mama saw it and ‘Oh my god dang’
Ok I’ll show you what’s in my bag

Uh oh I know you like it
My voice는 말해 뭐 해 God dang
Uh oh I just like it
태생부터 많은 Money 관심 없지

싸가지 없는 무대의 못된 범인의 눈빛
Fantasy란 말은 나를 빼고 다 금지
글러 먹은 너의 감 모두 나를 위한 밥
독한 Vibe sugar high 맛 좀 봐라 모두 Die

Rum-rum-rum Rumble 다 Crumble
이 Voice는 Drum에도 No lose
No no no lovely I’m Bumblebee
그냥 훅 들어갈 뿐 안 해 One, two

I never had 겁 a.k.a “Giant dog”
아차 하고 쓰다듬은 다쳐 이건 어쩜 범
I value my love 그만 두들겨 너
머리 빈 멍청이들과는 노는 물이 전혀 달라 Ye you know

Red five diamonds in my bag
If you wanna see it, dance to a beat like that
My mama saw it and ‘Oh my god dang’
Ok I’ll show you what’s in my bag

Red five diamonds in my bag
If you wanna see it, dance to a beat like that
My mama saw it and ‘Oh my god dang’
Ok I’ll show you what’s in my bag

가벼운 건 No no
공포에는 덤덤
나쁜 놈에겐 월월
덤벼봐라 Come come

I’m a cool lady 유일무이 캐릭
네가 벌벌 떠는 언니들 사이 Boss baby
넘치는 Jealousy
But that’s too early
내 피부부터 Young한 것은 언급하기도 귀찮네

존재가 Princess 어쩌면 범죄
넘치는 Bullet 맘을 관통해
향기는 Like rose and beautiful red
화가 난 가시의 그대 Blood ye

아직 읽지 않은 연락들은 앞으로도 읽지 않을 거니
헛된 희망들은 저기 버려두길
You know say no

Red five diamonds in my bag
If you wanna see it, dance to a beat like that
My mama saw it and ‘Oh my god dang’
Ok I’ll show you what’s in my bag

Red five diamonds in my bag
If you wanna see it, dance to a beat like that
My mama saw it and ‘Oh my god dang’
Ok I’ll show you what’s in my bag"
Weekend,태연 (TAEYEON),댄스,"가장 가까운 바다
혼자만의 영화관
그냥 이끌리는 대로 해도 괜찮으니까
Every morning 울린
Beep beep beep beep 소리
귀에 윙윙윙 맴도는
나를 재촉하던 모닝콜 없이 일어나
Cheese cake 한 입
유리컵 한가득
내린 커피 한 잔
아이스로 할래 아주 여유롭게
문득 시곌 보니
벌써 시간은 열두시
그래도 아주 느긋해
그리곤 하품 한 번
한껏 기지개도 켜고
생각해 오늘 뭐 할까
창문 너머 계절에 시선이 닿은 그 순간
쏟아지는 햇살 내 맘을 두드려
내게 손짓하는 싱그러운 바람 타고서
떠나볼래 When the weekend comes
I can do whatever I want
바람 따라 흩어진 cloud
더 자유롭게 we can go
가장 가까운 바다
혼자만의 영화관
그냥 이끌리는 대로 해도 괜찮으니까
훌쩍 떠나보는 drive
뚜벅 걸어도 좋아
뭐든 발길 닿는 대로 지금 떠나보려 해 oh
하루쯤 세상의 얘길 무시한 채
내가 나의 하루를 조립해 보려 해
더는 no no stress 고민 안 할래
Move it right left right 내 맘대로
가본 적도 없는 길 뭐가 있든지
I don’t need a map
when I roll the streets
이어 가보는 이윤 for a little fun
계속 up up up 좀 더 올라가
한쪽 길모퉁이 따라 맘대로 자라난
조그만 이름 모를 꽃
한참을 바라보다 뜨거운 햇살을 피해
벤치에 잠깐 앉아 봐
느려지는 걸음 그림자의 속도를 따라
함께 걷는 태양과 발을 맞추고
뒤이을 달빛을 따라 돌아오고 싶은 걸
떠나볼래 When the weekend comes
I can do whatever I want
바람 따라 흩어진 cloud
더 자유롭게 we can go
아무 계획이 없어서 완벽한 plan
우연히 찾아낸 secret place
그곳에 두고 와 나만의 작은 짐
골목길 끝을 돌아 만나게 될
기분 좋은 surprise 또 설렘
두근두근 온종일
고소한 향기의 coffee shop
눈에 들어오는 예쁜 옷
Do it for the weekend
do it for the weekend
맘에 들어오는 걸 더는 망설이긴 싫은 걸
그래도 돼 When the weekend comes
I can do whatever I want
바람 따라 흩어진 cloud
더 자유롭게 we can go
가장 가까운 바다
혼자만의 영화관
그냥 이끌리는 대로 해도 괜찮으니까
훌쩍 떠나보는 drive
뚜벅 걸어도 좋아
뭐든 발길 닿는 대로 지금 떠나보려 해 oh"
연애편지,임영웅,포크/블루스,"노을에 물든 저녁 하늘이
오랜만에 참 좋은 저녁입니다
문득 떠오른 그대 생각에
나지막이 이름을 불러봅니다
나도 몰래 꺼내 본 낡은 수첩엔
그대가 너무도 많아
차마 그립단 말 대신
꽃잎을 넣어 보내며
하얀 종이에 하지 못한 말
아직 그댄 내 고운 사랑입니다
외로이 스쳐 창을 흔드는
바람 소리 쓸쓸한 시간입니다
어둠 만들고 초를 태우며
나지막이 그대를 불러봅니다
나도 몰래 꺼내 본 낡은 사진엔
그대가 너무도 많아
차마 그립단 말 대신
바라본 밤하늘에는
아스라이 먼 작은 별 하나
외로이 홀로 남아 깜박입니다
그대를 닮은 작은 별 하나
외로이 홀로 남아 깜박입니다
그대 고운 이름은 사랑입니다"
내 기쁨은 너가 벤틀리를 끄는 거야,김승민,랩/힙합,"baby get the message
life is hard to maintain
your life is like a tape
가끔은 쉽게 발을 빼
분명 네 꿈 짓밟기 위해
신발을 사는 사람 있을 테니
취소가 불가능해 많은 사람들한테
네 말은 세상 비슷한 걸 테니까
참아야 해 아무 답이 없대
남겨지긴 싫고 떠나는 것도 두려워
사람은 잘만 왔다가 떠나는데
선택지가 있는데 안 좋은 결정했대
난 돈은 그럴 때 쓰려고 버는 건데
난 지켜야만 하는 게 너의 자존심인데
다 지키면서 살 수만은 없기에
답이 없네 아무 답이 없네
집에 오는 bus에서 아이처럼
밖을 쳐다보았겠지만
살짝 독해지는 걸 느껴 어른처럼
짐을 싸고 떠날 거야
even if I lose it all
Nike를 신고 멀어지는
거지 같은 거리에서
벌어지는 많은 일 괜찮냐 물었어
넌 oh 넌 아이처럼
maybe or not maybe or not
혼자 다 참아야만 했나 봐
멀어지는 거지 같은 거리에서
벌어지는 많은 일 괜찮냐 물었어
넌 oh 넌 아이처럼
maybe or not maybe or not
혼자 다 삼켜야만 했나 봐
넌 늘 아파하고 난 늘 도와주려고만 하지
구해달라 한적 한번 없이
혼자 붕대를 감지
난 네 등 뒤에 있어 또 등은 손 안 닿고
혼자 낑낑대는 너를 보면 장전된 총
얼굴에 대고 살아가는 것만 같아
넌 나무 위에 올라간
새끼 고양이 같은 거 아니라고
혼자 그냥 두라고 슬퍼하게 두라고
혼자 슬퍼해서 좋을 건 또 뭔데
monday to sunday one day to 평생
너가 white frappe나 마시며
수다나 떨길 바래
세월 가면 잊혀질
점수 따위에 연연하지 말고
너의 dice 낮게 나오면 나에게 말해
너의 하루가 매일 행복 일순 없겠지만
내 역할은 그 사실을 부정하는 것
널 다치게 한 하루를 용서하지도 말 것
물밀려 오듯 올 거야
위험은 pied piper
그 위험은 다 나의 것
넌 알아둬야 해 이걸
언젠간 나 역시도
무너져 버리고 말 거야
이 거지 같은 세상에서
혼자는 불가능하겠지만
그때 가선 너의 가족을 꾸리게 될 거야
너무 좋은 거래엔 항상 거짓이 섞여 있어
사람을 곁에 두되 너무 믿지 말 것
내가 너한테 그랬었던 것처럼 무조건
너의 아이들을 절대적으로 지킬 것"
듣고 싶을까,MSG워너비(M.O.M),발라드,"우리 함께 듣던 그 노랠 듣고 싶을까
듣고 나서 잠시 날 생각은 할까
아주 혹시라도 넌 내가 보고 싶을까
난 왜 니 목소리가 듣고 싶을까
뻔하디 뻔한 노랫말 여서 미안해
미안해도 부디 넌 꼭 들어줬음 해
후회도 미련도 없는 척 떠났지만
이게 내 진심인 걸 꼭 알아줬음 해
우리 함께 듣던 그 노랠 듣고 싶을까
듣고 나서 잠시 날 생각은 할까
아주 혹시라도 넌 내가 보고 싶을까
못난 내 목소리가 듣고 싶을까
말없이 다 전해지는 건 없지 난 말해 지금
몇 년째 나의 favorite one
You the only one yeah
Yes I know 무엇도 달라질 건 없지만
이게 내 진심인 걸 꼭 알아줬음 해
우리 함께 듣던 그 노랠 듣고 싶을까
듣고 나서 잠시 날 생각은 할까
아주 혹시라도 넌 내가 보고 싶을까
난 왜 니 목소리가 듣고 싶을까
Are you okay not today
천천히 대답해도 돼 i just stay
넌 내 목소리가 듣고 싶을까
누굴 만나 봐도 다시는 못할 것 같아
그립고 또 그립다 우리 그 사랑
Woo
I’m missing U
Never forget U
Never forget U
Oh no baby"
Next Level,aespa,댄스,"I’m on the Next Level Yeah
절대적 룰을 지켜
내 손을 놓지 말아
결속은 나의 무기
광야로 걸어가
알아 네 Home ground
위협에 맞서서
제껴라 제껴라 제껴라

상상도 못한 Black out
유혹은 깊고 진해
(Too hot too hot)
맞잡은 손을 놓쳐
난 절대 포기 못해

I’m on the Next Level
저 너머의 문을 열어
Next Level
널 결국엔 내가 부셔
Next Level
KOSMO에 닿을 때까지
Next Level
제껴라 제껴라 제껴라

La la la la la la
La la la la la la
La la la la la la
La la la la la

I see the NU EVO.
적대적인 고난과 슬픔은
널 더 Popping 진화시켜
That’s my naevis It’s my naevis
You lead, we follow
감정들을 배운 다음
Watch me while I make it out

Watch me while I work it out
Watch me while I make it out
Watch me while I work it out
Work it work it work it out

감당할 수 없는 절망도
내 믿음을 깨지 못해
더 아픈 시련을 맞아도
난 잡은 손을 놓지 않을게 Oh

절대로 뒤를 돌아보지 말아
광야의 것 탐내지 말아
약속이 깨지면
모두 걷잡을 수 없게 돼
언제부턴가 불안해져 가는 신호
널 파괴하고 말 거야
(We want it)
Come on!
Show me the way to KOSMO Yeah

Black Mamba가 만들어낸 환각 퀘스트
aespa, ae를 분리시켜놓길 원해 그래
중심을 잃고 목소리도 잃고 비난받고
사람들과 멀어지는 착각 속에
naevis 우리 ae, ae들을 불러봐
aespa의 Next Level “P.O.S”를 열어봐
이건 REAL WORLD 깨어났어
We against the villain
What’s the name?
Black Mamba

결국 난 문을 열어
그 빛은 네겐 Fire
(Too hot too hot)
난 궁금해 미치겠어
이다음에 펼칠 Story
Huh!

I’m on the Next Level
저 너머의 문을 열어
Next Level
널 결국엔 내가 부셔
Next Level
KOSMO에 닿을 때까지
Next Level
제껴라 제껴라 제껴라

I’m on the Next Level
더 강해져 자유롭게
Next Level
난 광야의 내가 아냐
Next Level
야수 같은 나를 느껴
Next Level
제껴라 제껴라 제껴라
Huh!"
Butter,방탄소년단,댄스,"Smooth like butter
Like a criminal undercover
Gon’ pop like trouble
Breakin’ into your heart like that

Cool shade stunner
Yeah I owe it all to my mother
Hot like summer
Yeah I’m makin’ you sweat like that

Break it down

Oh when I look in the mirror
I’ll melt your heart into 2
I got that superstar glow so
Do the boogie like

Side step right left to my beat (heartbeat)
High like the moon rock with me baby
Know that I got that heat
Let me show you ‘cause talk is cheap
Side step right left to my beat (heartbeat)
Get it, let it roll

Smooth like butter
Pull you in like no other
Don’t need no Usher
To remind me you got it bad

Ain’t no other
That can sweep you up like a robber
Straight up, I got ya
Makin’ you fall like that

Break it down

Oh when I look in the mirror
I’ll melt your heart into 2
I got that superstar glow so
Do the boogie like

Side step right left to my beat (heartbeat)
High like the moon rock with me baby
Know that I got that heat
Let me show you ‘cause talk is cheap
Side step right left to my beat (heartbeat)
Get it, let it roll

Get it, let it roll
Get it, let it roll

No ice on my wrist
I'm that n-ice guy
Got that right body and that right mind
Rollin' up to party got the right vibe
Smooth like butter
Hate us love us

Fresh boy pull up and we lay low
All the playas get movin’ when the bass low
Got ARMY right behind us when we say so
Let's go

Side step right left to my beat (heartbeat)
High like the moon rock with me baby
Know that I got that heat
Let me show you ‘cause talk is cheap
Side step right left to my beat (heartbeat)
Get it, let it roll

Smooth like (butter)
Cool shade (stunner)
And you know we don't stop

Hot like (summer)
Ain’t no (bummer)
You be like oh my god

We gon’ make you rock and you say (yeah)
We gon’ make you bounce and you say (yeah)

Hotter?
Sweeter!
Cooler?
Butter!

Get it, let it roll"
늦은 밤 헤어지긴 너무 아쉬워,케이시 (Kassy),발라드,"어쩌면 너도 나와 같은 꿈 꿀까
매일 마주 보며 눈뜨는 하루
늦은 밤 헤어지긴 너무 아쉬워
널 많이 사랑하나 봐
유난히 날씨가 좋은 날
넌 나를 설레이게 해
영화 속에서만 보던 일들이
요즘 내 일상인 듯해
어쩌면 너도 나와 같은 꿈 꿀까
매일 마주 보며 눈뜨는 하루
늦은 밤 헤어지긴 너무 아쉬워
널 많이 사랑하나 봐
오늘 너에게 고백하겠어
취해서 하는 말이 아냐
참아온 진심인 거야
하루 종일 아무것도 안 해도
너랑 있는 게 젤 좋아
달빛도 하늘 아래 우리를 비추고
온 세상이 모두 잠든 것 같아
늦은 밤 헤어지긴 너무 아쉬워
널 많이 사랑하나 봐
네가 살아가는 순간에
그 모든 순간에 내가 있음 해
고마워 내 인생에 나타나줘서
이렇게 날 안아줘서
오늘 너에게 고백하겠어"
사랑역,임영웅,성인가요/트로트,"돌고 돌아 사랑역
다시 한번 내렸네
아픔만 두고 떠나가는
저 기차는 말이 없는데
이리 갈까 저리 갈까
몇 번을 물어보아도
돌아온 대답은 멀어지는
멀어지는 기적 소리뿐
아 아 아 사랑역 나에겐 눈물역
돌고 돌아 사랑역
다시 한번 내렸네
상처만 두고 떠나가는
저 기차는 말이 없는데
남은 짐 구겨 넣고
돌아서는 내 모습이
마주친 대합실 창 너머로
쓸쓸히 웃음 짓는다
아 아 아 사랑역 나에겐 눈물역
이리 갈까 저리 갈까
몇 번을 물어보아도
돌아온 대답은 멀어지는
멀어지는 기적 소리뿐
아 아 아 사랑역 나에겐 눈물역
나에겐 눈물역"
HOT,세븐틴,랩/힙합,"모두 우릴 쳐다봐 (봐)
태양 위를 달리는 마차 (계속 달려 Uh)
Juicy Juicy Juicy Juicy

총성이 울려 퍼진 다음 (Spicy한 Feelin’)
태양을 마음에다 쏴 (I just wanna do this)
Juicy Juicy

음악 소리 크게 Turn up
세상을 사정없이 달려
태양을 뒤에 달고 밟아 경적 울려 우리답게 Fire (우리답게)

뭘 따라가려 해 (뭘 따라가려 해)
우리 방식대로 더 더 (우리 방식대로 더 더)
Say ah 뜨거워 뜨거워 뜨거워

밤이 없는 낮 하늘은 붉은색
모든 세상에 빛은 하나인 듯해 (하나 된 듯이)
벅찬 심호흡과 리듬 과열 Vibe
운명의 태양에 내일을 걸어봐
따라오라 Go

우리는 Drop it like HOT HOT HOT (Oh 지금 Feelin’ so HOT)
이 노래 Burnin’ like HOT HOT HOT HOT (Boom Brr Boom Boom)
우리는 Drop it like HOT HOT HOT (Oh 지금 Feelin’ so HOT)
Yeah I’m runnin’ too HOT HOT HOT HOT (Boom Brr Boom Boom)

태양을 향해 불붙여라
아주 뜨겁게 (Boom Brr Boom Boom)
태양을 향해 불붙여라
뜨거워 이 노래 Everybody 떼창

Ay 나팔을 불어라 사막의 파도 사이로 Drive away
I don’t want uh one more chance
이 순간에 모든 걸 걸을래

태양을 향해 등지고 있던 내 그림자는 다시 빛이 돼
Yeh 가슴을 뜨겁게 거짓말 없어 우린 확실해

터질 것만 같아 I can’t breathe 뜨거운 심장이 (말을 안 들어)
벅찬 심호흡과 리듬 과열 Vibe
You know what to do, hey you know what to do

우리는 Drop it like HOT HOT HOT (Oh 지금 Feelin’ so HOT)
이 노래 Burnin’ like HOT HOT HOT HOT (Boom Brr Boom Boom)
우리는 Drop it like HOT HOT HOT (Oh 지금 Feelin’ so HOT)
Yeah I’m runnin’ too HOT HOT HOT HOT (Boom Brr Boom Boom)

깊은 숲을 헤치고서 달려
깊은 바다 위에 태양이여
우린 Through the fire 한계를 다시 넘어
어느새 우린 높이 올라가서 태양이 되어버릴 거야 Aw!

우리는 Drop it like HOT HOT HOT (Oh 지금 Feelin’ so HOT)
이 노래 Burnin’ like HOT HOT HOT HOT (Boom Brr Boom Boom)
우리는 Drop it like HOT HOT HOT (Oh 지금 Feelin’ so HOT)
Yeah I’m runnin’ too HOT HOT HOT HOT (Boom Brr Boom Boom)

태양을 향해 불붙여라
아주 뜨겁게 (Boom Brr Boom Boom)
태양을 향해 불붙여라
뜨거워 이 노래 Everybody 떼창"
BEAUTIFUL MONSTER,STAYC(스테이씨),댄스,"STAYC girls it’s going down
Anyway yeah 네가 필요해 yeah
마치 퍼즐 같긴 해도 it’s ok
너를 떠올리는 향기는
so blue yeah eh
너만이 알 수 있는 뜻
Sweet 한 네 attitude
달콤한 얘기도
따사로운 햇빛도
가끔은 차가워 cause I do
널 안고 있어도
I’m so cold
사랑이라는 이름의 용기가 필요해
Yes I know yeah
넌 BEAUTIFUL MONSTER
넌 날 아프게 하고 또 치료해
Yes I know yeah
넌 BEAUTIFUL MONSTER
Love is ooh ooh love is ooh ooh
단 한 번만이라도
please be a man yeah eh
머릿속 하얘지려 해
This is not a game
This is not a show
혼자 꾸는 행복한 이 꿈
복잡해 you better ready or not
답답해 because you out of control
Sweet한 네 attitude
달콤한 얘기도
따사로운 햇빛도
가끔은 차가워 cause I do
널 안고 있어도
I’m so cold
사랑이라는 이름의 용기가 필요해
Yes I know yeah
넌 BEAUTIFUL MONSTER
넌 날 아프게 하고 또 치료해
Yes I know yeah
넌 BEAUTIFUL MONSTER
Love is ooh ooh love is ooh ooh
그래 넌 MONSTER told you I wonder
Ooh ooh ooh ooh ooh
What do you call me
What is me out there
Ooh ooh ooh ooh ooh
Yes I know yeah
넌 BEAUTIFUL MONSTER
넌 날 아프게 하고 또 치료해
Yes I know yeah
넌 BEAUTIFUL MONSTER
Love is ooh ooh love is ooh ooh"
I Ain't Worried,OneRepublic,국외영화,"I don't know what you've been told
But time is running out, no need to take it slow
I'm stepping to you toe-to-toe
I should be scared, honey, maybe so

[Chorus]
But I ain't worried 'bout it right now (Right now)
Keeping dreams alive, 1999, heroes
I ain't worried 'bout it right now (Right now)
Swimmin' in the floods, dancing on the clouds below

[Post-Chorus]
I ain't worried 'bout it
I ain't worried 'bout it (Hey)

[Verse 2]
I don't know what you've been told
But time is running out so spend it like it's gold
I'm living like I'm nine-zeros
Got no regrets even when I am broke (Yeah)
I'm at my best when I got something I'm wanting to steal
Way too busy for them problems and problems to feel (Yeah, yeah)
No stressing, just obsessing with sealing the deal
I'll take it in and let it go

[Chorus]
But I ain't worried 'bout it right now (Right now)
Keeping dreams alive, 1999, heroes
I ain't worried 'bout it right now (Right now)
Swimmin' in the floods, dancing on the clouds below

[Post-Chorus]
I ain't worried 'bout it
I ain't worried 'bout it (Hey)

[Bridge]
Ooh, I ain't worried
Ooh, oh, no, no

[Chorus]
I ain't worried 'bout it right now (Right now)
Keeping dreams alive, 1999, heroes
I ain't worried 'bout it right now (Right now)
Swimmin' in the floods, dancing on the clouds below

[Post-Chorus]
I ain't worried 'bout it (Ooh, hey)
I ain't worried 'bout it (Ooh, hey)

[Outro]
I ain't worried 'bout it"
보금자리,임영웅,성인가요/트로트,"그대 사랑이 나였음 좋겠다
아무것도 필요 없어요
든든한 품에 안겨 잠들고 싶어라
내 사랑의 보금자리
아무것도 바라지 않아요
당신만 있으면 돼
한 눈 팔지 않고 사랑할래요
돈도 필요 없어 백도 필요 없어
당신만 있으면 돼
그대 사랑이 나였음 좋겠다
아무것도 필요 없어요
든든한 품에 안겨 잠들고 싶어라
내 사랑의 보금자리
아무것도 바라지 않아요
당신만 있으면 돼
한 눈 팔지 않고 사랑할래요
돈도 필요 없어 백도 필요 없어
당신만 있으면 돼
아무것도 바라지 않아요
당신만 있으면 돼
한 눈 팔지 않고 사랑할래요
돈도 필요 없어 백도 필요 없어
당신만 있으면 돼
당신만 있으면 돼"
사랑해요 그대를,임영웅,성인가요/트로트,"너무나 고마운 사람
너무나 따뜻한 사람
한 번도 잊어본 적 없는
내 마음속에 그 사람
나 그대 생각만 해도
가슴이 뭉클해지고
그런 당신 내 곁에 있어
나는 행복한 사람
그대는 나만의 사랑
그대는 나만의 행복
세월 가도 영원히
당신은 나만의 사랑
사랑해요 그대를
사랑해요 그대를
이 생명 다할 때까지
당신은 내 사랑
사랑해요 그대를
사랑해요 그대를
이 생명 다할 때까지
당신은 내사랑
그대는 나만의 사랑
그대는 나만의 행복
세월 가도 영원히
당신은 나만의 사랑
사랑해요 그대를
사랑해요 그대를
이 생명 다할 때까지
당신은 내 사랑
사랑해요 그대를
사랑해요 그대를
이 생명 다할 때까지
당신은 내 사랑"
SMILEY (Feat. BIBI),YENA (최예나),댄스,"울지 마 울지 마
어린아이같이
웃는 게 웃는 게
이기는 거라고
You are so cute
You are so dumb
네가 하는 말이
오늘따라 듣기 싫어
하늘을 한 번 쳐다보고
내가 꾹 참고
맘을 다 잡고
네게 밝게 웃어줄게
And I say Hey
I’m gonna make it
Smile Smile Smile away
예쁘게 웃고 넘겨버릴래
Just Smile away
Just Smile away
아픔 슬픔 외로움 잊게
I say hey
I never wanna Cry Cry Cry all day
갑자기 눈물이 차오를 땐
Just Smile away
Just Smile away
안녕이라 말할래
With my Smiley face
비웃을 때 빼고
내 입꼬리는 Chillin’
나빠야지 살아남지 넌 뭐해
귀엽고 예쁘면 장땡이냐 근데
널 보고 있으니까 기분이가 좋네
삐뚤어진 성격 모두 나를 겁내
아주 그냥 확 너는 왜 계속 웃어
당황하는 틈을 타 날 무장해제
친구가 될 수 있을까 우리 둘이
내가 꾹 참고
맘을 다잡고
네게 밝게 웃어줄게
And I say Hey
I’m gonna make it
Smile Smile Smile away
예쁘게 웃고 넘겨버릴래
Just Smile away
Just smile away
아픔 슬픔 외로움 잊게
I say hey
I never wanna Cry Cry Cry all day
갑자기 눈물이 차오를 땐
Just Smile away
Just Smile away
안녕이라 말할래
With my Smiley face
사실 나의 맘속은 그게 아닌데
웃어넘기기에 난 너무 행복해
세상 환히 웃고 있는 내게
미친 세상은 날 미쳤다 하겠지
I don’t care
I don’t care
What you saying
한 번 사는 내 삶 I Smile it
Even it’s lonely & dark
Yeah I
And I say Hey
I’m gonna make it
Smile Smile Smile away
예쁘게 웃고 넘겨버릴래
Just Smile away
Just Smile away
아픔 슬픔 외로움 잊게
I say hey
I never wanna Cry Cry Cry all day
갑자기 눈물이 차오를 땐
Just Smile away
Just Smile away
안녕이라 말할래
With my Smiley face"
Permission to Dance,방탄소년단,댄스,"It’s the thought of being young
When your heart’s just like a drum
Beating louder with no way to guard it
When it all seems like it’s wrong
Just sing along to Elton John
And to that feeling, we’re just getting started

When the nights get colder
And the rhythms got you falling behind
Just dream about that moment
When you look yourself right in the eye, eye, eye
Then you say

I wanna dance
The music’s got me going
Ain’t nothing that can stop how we move yeah
Let’s break our plans
And live just like we’re golden
And roll in like we’re dancing fools

We don’t need to worry
‘Cause when we fall we know how to land
Don’t need to talk the talk, just walk the walk tonight
‘Cause we don’t need permission to dance

There’s always something that’s standing in the way
But if you don’t let it faze ya
You’ll know just how to break
Just keep the right vibe yeah
‘Cause there’s no looking back
There ain’t no one to prove
We don’t got this on lock yeah

The wait is over
The time is now so let’s do it right
Yeah we’ll keep going
And stay up until we see the sunrise
And we’ll say

I wanna dance
The music’s got me going
Ain’t nothing that can stop how we move yeah
Let’s break our plans
And live just like we’re golden
And roll in like we’re dancing fools

We don’t need to worry
‘Cause when we fall we know how to land
Don’t need to talk the talk, just walk the walk tonight
‘Cause we don’t need permission to dance

Da na na na na na na
Da na na na na na na
Da na na na na na na
No, we don’t need permission to dance

Da na na na na na na
Da na na na na na na
Da na na na na na na

Well let me show ya
That we can keep the fire alive
‘Cause it’s not over
Till it’s over say it one more time
Say

I wanna dance
The music’s got me going
Ain’t nothing that can stop how we move yeah
Let’s break our plans
And live just like we’re golden
And roll in like we’re dancing fools

We don’t need to worry
‘Cause when we fall we know how to land
Don’t need to talk the talk, just walk the walk tonight
‘Cause we don’t need permission to dance"
너를 생각해,주시크 (Joosiq),"R&B/Soul, 인디음악","너를 들려주고 싶었어
이 노랠 만들 때
아마 니가 정말 많이 좋아할꺼야
이젠 내겐 니가 없어서
나 혼자 불러도
혹시 듣게 되면 그게 니 얘기라고
난 노랠 만들 땐
늘 너를 생각해
어딘가 혼자 진지한 표정
고개를 끄덕거리고 나선
항상 흥얼거리며 따라 불렀어
나를 보며 신나있던 너에게
불러주고 싶던 노래를
왜 이제야 겨우 완성했을까
이 노랜 널 사랑한다는 내 얘기가
잔뜩 들어갔어야 하는 노랜데
너를 들려주고 싶었어
이 노랠 만들 때
아마 니가 정말 많이 좋아할꺼야
이젠 내겐 니가 없어서
나 혼자 불러도
혹시 듣게 되면 그게 니 얘기라고
니가 자주 가곤했던 카페에
이 노래가 나올 때까지
니 친구가 따라 부를 때까지
이 노랠 유명해지게 계속 불러서
나는 너에게로 꼭 닿고 말거야
너를 들려주고 싶었어
이 노랠 만들때
아마 니가 정말 많이 좋아할꺼야
이젠 내겐 니가 없어서
나 혼자 불러도
혹시 듣게 되면 그게 니 얘기라고
너를 사랑할땐 몰랐던
바보라 미안해
아마 이걸 듣고 너는 원망하겠지
이젠 내가 많이 잘할게
너 혼자 울지마
혹시 듣게 되면 아직 너뿐이라고"
_WORLD,세븐틴,R&B/Soul,"Hey 아까부터 널 봤어
우린 처음이지만 모든 재미를 느낄 수 있어 더 알고 싶어
Hey 웃지만 말고 말이야
가본 적이 없는 곳에 너를 데려가 줄게

Come with me, put it on put it on me
You got this, put it on put it on me
결국 내 손을 잡을 거야
Cause I know that you’ve been dreaming

마치 천국의 Deja vu
지금부터 난 널 만나 Interview
네가 원한 모든 걸 다 줄 수가 있어
너의 어두운 모습까지도
Come Come into my world

Won’t let you down
Won’t let you down
내게로 와
In my In my In my new world

Knock knock knockin’ on heaven’s door
Whipped cream cloud 손끝으로 쓸어
내 All star 밑에 딛고 날아 Sunset
넘 빠름 I’ma take it slow

슬픔이 없는 곳에서 이대로 춤을 춰
박자에 맞춰 박수
넌 영원을 내게 줘 기쁨의 맛을 더
영원에 영원을 더 더 더 더

Come with me, put it on put it on me
You got this, put it on put it on me
결국 내 손을 잡을 거야
Cause I know that you’ve been dreaming

마치 천국의 Deja vu
지금부터 난 널 만나 Interview
네가 원한 모든 걸 다 줄 수가 있어
너의 어두운 모습까지도
Come Come into my world

Won’t let you down
Won’t let you down
내게로 와
In my In my In my new world

We got the heart We got the soul
이대로 우리 맘을 열어
너에게 넌 나에게
새로운 미래를 열어줘 나 손을 놓지 않을게
Trust in me baby I can see

마치 천국의 Deja vu
지금부터 난 널 만나 Interview
네가 원한 모든 걸 다 줄 수가 있어
너의 어두운 모습까지도
Come Come into my world

Won’t let you down
Won’t let you down
내게로 와
In my In my In my new world"
팡파레,다비치,발라드,"코끝을 간지럽히는 살랑 부는 바람이
눈 감으면 어디든
네 곁에 데려가 주길
어느새 내 맘이 춤을 추네
한없이 예쁜 날이야
꿈꾸던 시간이
마치 오늘인 것만 같아
맘이 두근거리다 심장이 쿵 떨어져
후 살며시 네가 불어와
눈부신 하늘이 되어 다 물들어가요
유난히 달콤한 햇살 팡파레를 울려요
한껏 들뜬 발걸음으로 반겨줘요
따스한 그대의 품속으로
바쁘게 달려가 힘껏 안겨볼래요
시작될 거야 너와 내 이야기
샤라랄 라라랄 라라랄 꽃눈이 내려요
옷장 가득히 싱그러운 설렘이 하나둘
아껴 둔 마음 꺼내 입고서
널 만나러 가요
살며시 네가 불어와
눈부신 하늘이 되어 다 물들어가요
유난히 달콤한 햇살 팡파레를 울려요
한껏 들뜬 발걸음으로 반겨줘요
따스한 그대의 품속으로
바쁘게 달려가 힘껏 안겨볼래요
시작될 거야 너와 내 이야기
때론 빗방울 떨어져
잠시 우리 옷깃을 적셔
찡그린 날도 있겠지만
상상만 해도 찬란한 꿈을 꾸는 거야
하늘에 꽃눈이 내려 여기저기 날려요
머리가 어지러울 만큼 행복해요
웅크렸던 만큼
소중히 내가 지켜 갈게요
그대와 함께하는 사랑스런 날이야
유난히 달콤한 햇살 팡파레를 울려요
한껏 들뜬 발걸음으로 반겨줘요
따스한 그대의 품속으로
바쁘게 달려가 힘껏 안겨볼래요
시작될 거야 너와 내 이야기
샤라랄 라라랄 라라랄 꽃눈이 내려요"
새벽에 걸려온 너의 전화는,한동근,발라드,"사랑한다 말하고 보고 싶다 말하고
많은 걸 약속하고 미래를 꿈꾸던 날들
내가 줬던 사랑이 당연해진 걸까
언제부터 너의 맘이 변했을까
갑자기 온 전화는 날 불안하게 만들어
혹시 무슨 일 있는 건지 걱정을 하다
다시 만나자고 하지는 않을까
괜한 기대를 해 잠들 수 없어
새벽에 걸려온 너의 전화는
그리움보다는
실수였다고 난 생각할게
냉정하게 뿌리치고 매달렸던
날 밀어낸 넌데
뜨는 너의 이름에 눈물만
미안한 마음이야 아쉬운 마음이야
애써 날 위해 주는척한 행동인 거니
받아볼까 하다 정신을 차렸어
목소리를 들으면 울 것 같아서
새벽에 걸려온 너의 전화는
그리움보다는
실수였다고 난 생각할게
냉정하게 뿌리치고 매달렸던
날 밀어낸 넌데
뜨는 너의 이름에 눈물만
상처받은 내 마음을 알아줘
내가 아픈 만큼 더 힘들어줘
내가 좀 유치해 보인다 해도
새벽에 걸려온 너의 전화는
울리는 단 몇 초의 벨 소리에
널 미워한 맘이
완벽히 무너질 것 같았어
잊으려 몸부림치고
내 삶에서 분명 지웠는데
뜨는 너의 이름에 눈물만"
Sparkling,청하,댄스,"Come and, talk to me baby
뭐든 콕 찝어 말을 해줘
사소한 것까지
Tell me what to do, what to do

Touch 딱 한번에 설레는 게 (ah-oop)
Ouch 따끔한 듯 상큼하게 (ah-oop)
어쩜 아찔한 듯 위험해
Tell me what to do, what to do

조심스럽게
터져버리지 않게 No
거품처럼 사라지지 않게 Away

나를 톡 쏘게 만들어줘 Oh
Baby you’re all mine mine I, I, I
천천히 열어봐줘 Oh
Baby you’re all mine mine I, I, I

So, you make me sparkle
Oh, I'll be your sparkle
Sparkling

구슬처럼 터진 Flavor
구름처럼 Oh my favorite
(Take me all the way)
꿈결 같애 Oh 나를 볼 때
Fallin’, lovin’, Imma dive in

Gosh 화끈 달아오른 듯해 (ah-oop)
Crush 애가 타고 안달 나게 (ah-oop)
더 짜릿한 게 필요해
Tell me what to do, what to do

조심스럽게
흔들리지 않게 No
커진 내 마음 넘치지 않게 Oh

나를 톡 쏘게 만들어줘 Oh
Baby you’re all mine mine I, I, I
천천히 열어봐줘 Oh
Baby you’re all mine mine I, I, I

So, you make me sparkle
Oh, I'll be your sparkle
Sparkling

Will you love me yeah, love me yeah baby
(Could you hold me tight)
You can trust me yeah, trust me yeah baby

너의 두 눈 속에 나
더 깊이 빠져들어 Now

나를 톡 쏘게 만들어줘 Oh
Baby you’re all mine mine I, I, I
네 맘을 다 보여줘 Oh
Baby you’re all mine mine I, I, I
So, you make me sparkle
Oh, I'll be your sparkle
Sparkling

Sparkling"
눈을 감으면,WSG워너비,발라드,"아마도 우린 특별할 것 없는
뻔한 이별이라고 주제넘게 널 달래다
재미없고 뻔한 말로 한참을 둘러대다
그동안 고마웠어 모질게
너와 헤어지던 날
한심하고 철없고 실망스런
내 모습에 어쩌면
더 빨리 날 잊을 테니까
날 더 미워하게 더 모질게
끝내 널 밀어내놓고
아무렇지 않은 척
나 이렇게 잘 살고 있어
눈을 감으면 니가 또 생각나
안 되는 줄 알면서도
널 부르고 널 외우고
잊혀질까 걱정을 하고
어쩌면 나는 나보다
너를 사랑한 걸까
몇 번이고 내게 되묻고는 했어
너와 같이 있을 때도
딴 생각을 하곤 했어
따로 먹고 따로 자던 게
익숙했던 날
오랜 친구처럼 편하다며
그래서 우린 만났고
그래서 우린 서로 아무것도
못 참았던 거야
눈을 감으면 니가 또 생각나
안 되는 줄 알면서도
널 부르고 널 외우고
잊혀질까 걱정을 하고
어쩌면 나는 나보다 너를 사랑한 걸까
몇 번이고 내게 되묻고는 했어
다시 우리 예전처럼
평범한 저녁 안부를 묻고
아무 일 없던 것처럼 돌아갈 수 있을까
바보처럼 다하지 못 했던
말을 남겨둔 채
내가 많이 미안해 끝내
하지 못한 말 널 사랑해 (널 사랑해)
참 고마웠어 넌 나의 세상이었어
이제 우리 헤어지면
다시는 볼 수 없을 텐데
(볼 수 없을 텐데)
어디서부터 어떻게
네게 말 할 수 있을까
돌려 말하는 거 못 하잖아 (말 못 하잖아)
그래도 기억해줄래 (기억해 줘)
우리만 따뜻했던 그 봄날을"
바라만 본다,MSG워너비(M.O.M),발라드,"내가 너라면 다 알아볼 텐데
널 위할 사람 찾아낼 텐데
지난 오랜 시간 너의 그 곁을
지켜온 나라는 걸
내가 너였다면 참 행복할 텐데
한 사람을 다 가졌으니까
둔한 바보도 눈치챌 그 사랑을
너만 왜 모르니
너를 바라만 바라만 본다
외쳐 네 이름만 부른다
보고 싶은 맘에 너를 향한 그 발걸음
네 곁을 맴도는데
오늘도 그리고 그리워하다
애써 참았던 눈물이 흘러
그저 멀리서만 바라보다
또 소리쳐 네가 보고 싶다
네가 나라면 더 참 아팠을 텐데
슬픈 역할은 내가 맡을게
웃는 모습만 보이며 살아가 줘
내가 볼 수 있게
너를 바라만 바라만 본다
외쳐 네 이름만 부른다
보고 싶은 맘에 너를 향한 그 발걸음
네 곁을 맴도는데
오늘도 그리고 그리워하다
애써 참았던 눈물이 흘러
그저 멀리서만 바라보다 또 소리쳐
네가 보고 싶다
한 걸음 더 다가갈까
더 가까이 네게 갈까 OH
어제보다 더 내일 더 널 사랑해
I’ll make you love me someday
혼자 바라고 바라만 보다
울컥 그리움이 솟는다
바보 같은 맘에 하지 못한 그 한마디
널 사랑한다는 말
얼마나 그리고 그리워해야
내 맘 너의 곁에 닿게 될까
매일 하루 종일 너의 생각에 사무쳐
너무 보고 싶다"
밤하늘의 별을(2020),경서,발라드,"밤하늘의 별을 따서 너에게 줄래
너는 내가 사랑하니까
더 소중하니까
오직 너 아니면 안 된다고
외치고 싶어 그저
내 곁에만 있어줘
떠나지 말아줘
참 많이 어색했었죠 널 처음 만난 날
멀리서 좋아하다가 들킨 사람처럼
숨이 가득 차올라서
아무 말 하지 못했는데
너는 말 없이 웃으며 내 손 잡아줬죠
밤하늘의 별을 따서 너에게 줄래
너는 내가 사랑하니까
더 소중하니까
오직 너 아니면 안 된다고
외치고 싶어
그저 내 곁에만 있어줘
떠나지 말아줘
널 좋아하는 내 마음이 표현이 안 돼
꿈이 아니면 좋겠어 자꾸 웃음 나와
내 모든 걸 다 준대도
너에겐 아깝질 않아
이 순간이 영원하길 난 정말 행복해
밤하늘의 별을 따서 너에게 줄래
너는 내가 사랑하니까
더 소중하니까
오직 너 아니면 안 된다고
외치고 싶어
그저 내 곁에만 있어줘
떠나지 말아줘
그저 내 곁에만 있어줘
떠나지 말아줘
많고 많은 사람 중에
너를 만나서 행복하고 싶어
두 번 다시 울지 않을래
오직 내 눈에는 너만 보여
나를 아껴줘 이제부터
혼자가 아니야 우린 함께니까
나나나 난난 난난나
나나나 난난 난난나
나 나나나 난난 난난나 나나난나
나나나 난난 난난나
나나나 난난 난난나
나 나나나 난난 난난나 나나난나"
고백하는 취한밤에 (Prod. 2soo),임재현,"발라드, 인디음악","오랜만에 이렇게 밖에서 술마시니까
니가 옆에 있는것같아
너는 무슨 생각해
니가 좋아하는 노래도
길거리에 나오고
사람들도 모두다 즐거워보이는데
지금 당장 너에게 전화를 걸고싶지만
아침 눈을 떴을때 후회할까봐 두려워
아직도 왜 넌 내맘 몰라 바보야
니가 보고싶어서 니가 생각이 나서
하루종일 니가 내 머리속을 걸어다녀
나 취해서 하는말 아냐
너를 좋아해
기분도 좀 그냥 그렇고
골목길을 걸었어
잠도 안오고 왠지 너를 볼것같아서
가로등의 불빛도 나를 비춰주는데
이 길끝에 니가 있음 얼마나좋을까
난 이렇게 니가 너무나 보고싶은데
넌 내가 조금도
보고싶지 않을까 두려워
아직도 왜 넌 내맘 몰라 바보야
니가 보고싶어서 니가 생각이 나서
하루종일 니가 내 머리속을 걸어다녀
나 취해서 하는말 아냐
나랑 사귈래
왜 니앞에만 서면 연습했던 그말도
잘 나오지 않는걸까
어떻게해야 내맘 전할 수 있을까
멋진 말도 못하고 서툰 나의 표현에
이런 내게서 더 멀어지지 않길바래
이것만큼은 진심이야
너를 사랑해"
"회전목마 (Feat. Zion.T, 원슈타인) (Prod. Slom)",sokodomo,랩/힙합,"내가 슬플 때마다
이 노래가 찾아와
세상이 둥근 것처럼 우린 동글동글

인생은 회전목마
우린 매일 달려가
언제쯤 끝나 난 잘 몰라

어머, 벌써 정신없이 달려왔어
Speed up 어제로 돌아가는 시곌 보다가
어려워 어른이 되어가는 과정이 Uh huh
On the road, 24 시간이 아까워 Uh huh
Big noise, Everything brand new
어렸을 때처럼 바뀌지 않는 걸
찾아 나섰단 말야 왜냐면 그때가 더 좋았어 난
So let me go back
타임머신 타고 I'll go back
승호가 좋았을 때처럼만

내가 슬플 때마다
이 노래가 찾아와
세상이 둥근 것처럼 우리
인생은 회전목마
우린 매일 달려가
언제쯤 끝나 난 잘 몰라

빙빙 돌아가는 회전목마처럼
영원히 계속될 것처럼
빙빙 돌아올 우리의 시간처럼
인생은 회전목마

어머 벌써 정신없이 달려왔어
Speed up 어제로 돌아가는 시곌 보다가
청춘까지 뺏은 현재
탓할 곳은 어디 없네
Twenty two 세에게 너무 큰 벽
그게 말로 하고 싶어도 어려웠어
가끔은 어렸을 때로 돌아가
불가능하단 건 나도 잘 알아
그 순간만 고칠 수 있다면
지금의 나는 더 나았을까

달려가는 미터기 돈은 올라가
기사님과 어색하게 눈이 맞아
창문을 열어보지만 기분은 좋아지지 않아
그래서 손을 밖으로 쭉 뻗어 쭉 뻗어
흔들리는 택시는 어느새
목적지에 도달했다고 해
방 하나 있는 내 집 안의
손에 있던 짐들은

내가 힘들 때마다
이 노래가 찾아와
세상이 둥근 것처럼 우리
인생은 회전목마
우린 계속 달려가
언제쯤 끝날지 잘 몰라

빙빙 돌아가는 회전목마처럼
영원히 계속될 것처럼
빙빙 돌아올 우리의 시간처럼
인생은 회전목마

I'm on a TV show
You would never even know
사실 얼마나 많이
불안했는지
정신없이 돌아서
어딜 봐야 할지 모르겠어
들리나요 여길 보란 말이

빙빙 돌아가는 회전목마처럼
영원히 계속될 것처럼
빙빙 돌아올 우리의 시간처럼
인생은 회전목마

빙빙 돌아가는 회전목마처럼
영원히 계속될 것처럼
빙빙 돌아올 우리의 시간처럼
인생은 회전목마"
드라마,아이유,발라드,"나도 한때는 그이의 손을 잡고
내가 온 세상 주인공이 된 듯
꽃송이의 꽃잎 하나하나까지
모두 날 위해 피어났지

올림픽대로 뚝섬 유원지
서촌 골목골목 예쁜 식당
나를 휘청거리게 만든
주옥같은 대사들

다시 누군가 사랑할 수 있을까
예쁘다는 말 들을 수 있을까
하루 단 하루만 기회가 온다면
죽을힘을 다해 빛나리

언제부턴가 급격하게
단조로 바뀌던 배경음악
조명이 꺼진 세트장에
혼자 남겨진 나는

단역을 맡은 그냥 평범한 여자
꽃도 하늘도 한강도 거짓말
나의 드라마는 또 이렇게 끝나
나왔는지조차 모르게

끝났는지조차 모르게"
내 손을 잡아,아이유,"발라드, 국내드라마","느낌이 오잖아

떨리고 있잖아

언제까지 눈치만 볼 거니

네 맘을 말해봐

딴청 피우지 말란 말이야

네 맘 가는 그대로

지금 내 손을 잡아

어서 내 손을 잡아

우연히 고개를 돌릴 때 마다

눈이 마주치는 건

며칠 밤 내내 꿈속에 나타나

밤새 나를 괴롭히는 건

그 많은 빈자리 중에서 하필

내 옆자릴 고르는 건

나도 모르게 어느새 실없는 웃음

흘리고 있다는 건

그럼 말 다했지 뭐

우리 얘기 좀 할까

느낌이 오잖아 떨리고 있잖아

언제까지 눈치만 볼 거니

네 맘을 말해봐

딴청 피우지 말란 말이야

네 맘 가는 그대로

지금 내 손을 잡아

핸드폰 진동에

심장이 덜컥내려 앉는다는 건

오 나도 모르게

어느새 짓궂은 네 말투

자꾸 듣고 싶은걸

어떡해

저기 멀리 걸어온다

눈이 마주친다

언제까지 넌 모른척 할거니

사랑이 온거야 너와 나 말이야

네가 좋아 정말 못 견딜 만큼

그거면 된거야

더는 생각하지 말란 말이야

네 맘 가는 그대로

느낌이 오잖아 떨리고 있잖아

언제까지 눈치만 볼 거니

네 맘을 말해봐

딴청 피우지 말란 말이야

네 맘 가는 그대로

지금 내 손을 잡아

그냥 내 손을 잡아

지금 내 손을 잡아"
사랑이야,케이시 (Kassy),발라드,"사랑해 수많은 밤이 지나도
환히 빛나는 저 별처럼
변하지 않을 내 사랑이야
사랑할 줄 알았어
널 처음 본 그날
운명인 것 같았어
너와 나 둘이서
조금씩 조금씩
아껴둔 내 마음을
조심스레 난 고백할래
사랑해 수많은 밤이 지나도
환히 빛나는 저 별처럼
변하지 않을 내 사랑이야
내 맘 받아주겠니
사랑해 사랑해 난 항상
너뿐이야 식지 않을 사랑이야
Always you are my love
Love you forever
힘든 일이 있을 땐
같이 울어주고
지친 날엔 괜찮다
손 꼭 잡아주는
한걸음 한걸음
다가온 너란 행운
하루하루 매일 감사해
사랑해 수많은 밤이 지나도
환히 빛나는 저 별처럼
변하지 않을 내 사랑이야
내 맘 받아주겠니
사랑해 사랑해 난 항상
너뿐이야 식지 않을 사랑이야
넌 모를 거야
얼마나 내가
눈물 나도록 너를
사랑하는지
사랑해 수많은 날이 지나도
저기 뜨거운 태양처럼
변하지 않을 내 사랑이야
내 맘 모르겠니
약속해 시간이 흘러도
영원토록 식지 않을 사랑이야
Always you are my love
Love you forever"
언제나 사랑해,케이시 (Kassy),발라드,"둘이 손잡고 걸을 때
마주 보며 또 웃을 때
사랑한다 말하지 않아도 알아
널 만나러 가는 길에
내 입가에 늘 환한 미소만이
흐르고 있어
사랑해 너를 사랑해
눈물 나도록 사랑해
저기 밤하늘의 별보다
보석보다 네가 더 소중해
얼마나 내가 얼마나 너를 사랑하는지
내 모든 걸 너에게 줄게
속상하고 힘이 들 때
열이 나고 아파할 때
옆에서 늘 힘이 돼준 사람 너야
집에 돌아오는 길에
내 귓가엔 늘 너의 음성만이
흐르고 있어
사랑해 너를 사랑해
눈물 나도록 사랑해
저기 밤하늘의 별보다
보석보다 네가 더 소중해
얼마나 내가 얼마나 너를 사랑하는지
내 모든 걸 너에게 줄게
세월 지나 많이 변했을 때
미운 나의 손을 잡아줄 사람
먼 훗날 아주 먼 훗날
우리 눈 감는 그날에
나를 사랑해 준 너에게 고맙다고
후회는 없다고
사랑해 나만의 사랑
다시 태어난대도
내 사랑은 너 하나뿐야
영원히 너를 사랑해"
"모든 날, 모든 순간 (Every day, Every Moment)",폴킴,"발라드, 국내드라마","네가 없이 웃을 수 있을까
생각만 해도 눈물이나
힘든 시간 날 지켜준 사람
이제는 내가 그댈 지킬 테니
너의 품은 항상 따뜻했어
고단했던 나의 하루에
유일한 휴식처
나는 너 하나로 충분해
긴 말 안 해도 눈빛으로 다 아니깐
한 송이의 꽃이 피고 지는
모든 날 모든 순간 함께해
햇살처럼 빛나고 있었지
나를 보는 네 눈빛은
꿈이라고 해도 좋을 만큼
그 모든 순간은 눈부셨다
불안했던 나의 고된 삶에
한줄기 빛처럼 다가와
날 웃게 해준 너
나는 너 하나로 충분해
긴 말 안 해도 눈빛으로 다 아니깐
한 송이의 꽃이 피고 지는
모든 날 모든 순간 함께해
알 수 없는 미래지만
네 품속에 있는 지금 순간 순간이
영원 했으면 해
갈게 바람이 좋은 날에
햇살 눈부신 어떤 날에 너에게로
처음 내게 왔던 그날처럼
모든 날 모든 순간 함께해"
봄날,방탄소년단,랩/힙합,"보고 싶다
이렇게 말하니까 더 보고 싶다
너희 사진을 보고 있어도
보고 싶다
너무 야속한 시간
나는 우리가 밉다
이젠 얼굴 한번 보는 것 조차
힘들어진 우리가
여긴 온통 겨울 뿐이야
8월에도 겨울이 와
마음은 시간을 달려가네
홀로 남은 설국열차
니 손 잡고 지구 반대편까지 가
겨울을 끝내고파
그리움들이 얼마나
눈처럼 내려야 그 봄날이 올까
Friend
허공을 떠도는
작은 먼지처럼 작은 먼지처럼
날리는 눈이 나라면
조금 더 빨리
네게 닿을 수 있을 텐데
눈꽃이 떨어져요
또 조금씩 멀어져요
보고 싶다 보고 싶다
보고 싶다 보고 싶다
얼마나 기다려야
또 몇 밤을 더 새워야
널 보게 될까 널 보게 될까
만나게 될까 만나게 될까
추운 겨울 끝을 지나
다시 봄날이 올 때까지
꽃 피울 때까지
그곳에 좀 더 머물러줘
머물러줘
니가 변한 건지
니가 변한 건지
아니면 내가 변한 건지
내가 변한 건지
이 순간 흐르는 시간조차 미워
우리가 변한 거지 뭐
모두가 그런 거지 뭐
그래 밉다 니가 넌 떠났지만
단 하루도 너를
잊은 적이 없었지 난
솔직히 보고 싶은데
이만 너를 지울게
그게 널 원망하기보단
덜 아프니까
시린 널 불어내 본다
연기처럼 하얀 연기처럼
말로는 지운다 해도
사실 난 아직 널 보내지 못하는데
눈꽃이 떨어져요
또 조금씩 멀어져요
보고 싶다 보고 싶다
보고 싶다 보고 싶다
얼마나 기다려야
또 몇 밤을 더 새워야
널 보게 될까 널 보게 될까
만나게 될까 만나게 될까
You know it all
You're my best friend
아침은 다시 올 거야
어떤 어둠도 어떤 계절도
영원할 순 없으니까
벚꽃이 피나봐요
이 겨울도 끝이 나요
보고 싶다 보고 싶다
보고 싶다 보고 싶다
조금만 기다리면
며칠 밤만 더 새우면
만나러 갈게 만나러 갈게
데리러 갈게 데리러 갈게
추운 겨울 끝을 지나
다시 봄날이 올 때까지
꽃 피울 때까지
그곳에 좀 더 머물러줘
머물러줘"
OHAYO MY NIGHT,"디핵 (D-Hack), PATEKO (파테코)",랩/힙합,"너를 사랑하고 있어
너를 사랑하고 있어
자기야 날 사랑해주면 안 될까
말처럼 쉽지는 않은 걸 알지만
세게 날 안아주면 안 될까
오늘따라 세상이 무섭단 말이야
잠깐 인공호흡을 해주라
왠지 숨이 잘 안 쉬어져서 난
날 놓을 거면 과거에 놔주라
네가 있는 시간에서 죽어갈 거야
우리 그냥 결혼하면 안 될까
돈은 내가 열심히 벌 테니까
이 세상과 내가 눈감는 날
까지만 날 사랑한다 말해주라
내가 너를 사랑해도
네가 날 안 사랑해도
우린 나름대로 행복할 거야
내 방 천장에 그려 본
내 우주에게 물어본
말은 나를 사랑하면 안 될까
오사카나 오키나와의 바다
내 뮤비들을 찍었던 곳 말이야
같이 가자 약속했었잖아
그 약속이 깨질까 봐 겁이 나
WHUTUF이 결혼한다 하던 날
진짜 처음으로 걔가 부럽더라
하얀 웨딩드레스를 입은 아름다운
너와 영원을 말할 수 있을까
가족이 되어주라
내 집이 되어주라
나도 날 줄 테니 너도 널 주라
평생의 연인이야
네 말대로 말이야
그래 별과 우주잖아
날 사랑하지 않는다면
나의 사랑 반을 받아
남은 사랑의 반도
내가 채워줄 거야 꼭
내가 너를 사랑해도
네가 날 안 사랑해도
우린 나름대로 행복할 거야
내 방 천장에 그려 본
내 우주에게 물어본
말은 나를 사랑하면 안 될까
내가 너를 사랑해도
네가 날 안 사랑해도
우린 나름대로 행복할 거야
내 방 천장에 그려 본
내 우주에게 물어본
말은 나를 사랑하면 안 될까"
strawberry moon,아이유,록/메탈,"달이 익어가니 서둘러 젊은 피야
민들레 한 송이 들고
사랑이 어지러이 떠다니는 밤이야
날아가 사뿐히 이루렴

팽팽한 어둠 사이로
떠오르는 기분
이 거대한 무중력에 혹 휘청해도
두렵진 않을 거야

푸르른 우리 위로
커다란 strawberry moon 한 스쿱
나에게 너를 맡겨볼래 eh-oh

바람을 세로질러
날아오르는 기분 so cool
삶이 어떻게 더 완벽해 ooh

다시 마주하기 어려운 행운이야
온몸에 심장이 뛰어
Oh 오히려 기꺼이 헤매고픈 밤이야
너와 길 잃을 수 있다면

맞잡은 서로의 손으로
출입구를 허문
이 무한함의 끝과 끝 또 위아래로
비행을 떠날 거야

푸르른 우리 위로
커다란 strawberry moon 한 스쿱
나에게 너를 맡겨볼래 eh-oh
바람을 세로질러
날아오르는 기분 so cool
삶이 어떻게 더 완벽해 ooh

놀라워 이보다
꿈같은 순간이 또 있을까 (더 있을까)
아마도 우리가 처음 발견한
오늘 이 밤의 모든 것, 그 위로 날아

푸르른 우리 위로
커다란 strawberry moon 한 스쿱
세상을 가져보니 어때 eh-oh

바람을 세로질러
날아오르는 기분 so cool
삶이 어떻게 더 완벽해 ooh"
Off My Face,Justin Bieber,POP,"One touch and you got me stoned
Higher than I've ever known
You call the shots and I follow
Sunrise but the night still young
No words but we speak in tongues
If you let me I might say too much
Your touch blurred my vision
It's your world and I'm just in it
Even sober I'm not thinkin' straight
'Cause I'm off my face
in love with you
I'm out my head so into you
and I don't know how you do it
But I'm forever ruined by you
ooh ooh ooh
Can't sleep
'cause I'm way too buzzed
Too late now you're in my blood
I don't hate the way you keep me up
Your touch blurred my vision
It's your world and I'm just in it
Even sober I'm not thinkin' straight
'Cause I'm off my face
in love with you
I'm out my head so into you
and I don't know how you do it
But I'm forever ruined by you
ooh ooh ooh
Ooh-ooh-ooh ooh ooh ooh ooh
Ooh-ooh-ooh ooh ooh
Ooh-ooh-ooh ooh ooh ooh ooh
Ooh-ooh-ooh ooh ooh
'Cause I'm off my face
in love with you
I'm out my head so into you
and I don't know how you do it
But I'm forever ruined by you
ooh ooh ooh
By you ooh ooh ooh"
리무진 (Feat. MINO) (Prod. GRAY),BE'O (비오),랩/힙합,"까만 리무진 보며
꿈을 키웠지
언젠가는 나도 저걸 갖게 될 거야
커다란 리무진에서 내가 내리지
변한 것은 내가 아닌 삶의 무게 they don't know

I say hi
내게 안 된다는 사람들 오랜만이야
나를 봐
너에게 인사를 건네는 여유쯤이야
왜 병을 줬어 내게
덕분에 젖었어 베개는
그래서 I said 'you ready?'
이 노랜 널 위한 곡이니까 들어줘
됐어 이제 와 건네는 응원은 개뻥
날 떠난 그녀도 전화해 취해서
회사 매니저가 음악을 채점했던
그때도 버텼어 매번
거짓말 하지 마 원래 잘 될 줄 알았다네 비오가
멀었어 이게 내 신호탄
새벽에 전화는 하지 마

Always hide freakin' inside
그땐 갉아 먹던 자존감이 식사
Reset 그때 나의 실패를
바란 사람들아
Never change though I'm in a limousine

까만 리무진 보며
꿈을 키웠지
언젠가는 나도 저걸 갖게 될 거야
커다란 리무진에서 내가 내리지
변한 것은 내가 아닌 삶의 무게 they don't know

No no no oh oh oh oh
I don't change my mind if I'm in a limousine

Oh no no 기억도 안 나고 안 할 거
열두 평 to 120평
울 엄마 식당 말고 골프 쳐
Back in a day yeah
편이 오늘의 적이네 yeah
그걸 깨달았을 때엔
서랍 안에 총을 넣어뒀네

리무진처럼 길고 길었지
지옥 같던 연습실
청춘을 갈아 넣어 뿌린
내 그릇의 가니쉬
좋은 상품이랍시고
많이들 포장도 하지만
아이돌 다 리스펙하지
I hate your laziness

Always hide freakin' inside
그땐 갉아먹던 자존감이 식사
Reset 그때 나의 실패를
바란 사람들아
Never change though I'm in a limousine

까만 리무진 보며
꿈을 키웠지
언젠가는 나도 저걸 갖게 될 거야
커다란 리무진에서 내가 내리지
변한 것은 내가 아닌 삶의 무게 they don't know

떠나도 보내고
가난은 forever
너 때문에 난
희망을 버렸어

그래도 일어서
다시 걸었어
괜찮아
이건 다 리허설

빌빌댔었던 올해
작년과 2년 전 나의
방의 쌓였던 약에
양의 비례한 곡들과 입속의 단내
돌고 돌고 돌아 breathing

이제 쉬어지네 호흡이
몰래몰래 했던 나의 젊은 날에
한숨 가득 찬 레코딩

네 잎을 바라던 손이
저절로 떼버린 하나의 꽃잎

I didn't want luck. I wanted

까만 리무진 보며
꿈을 키웠지
언젠가는 나도 저걸 갖게 될 거야
커다란 리무진에서 내가 내리지
변한 것은 내가 아닌 삶의 무게 they don't know

No no no oh oh oh oh
I don't change my mind if I'm in a limousine"
미친 것처럼,V.O.S,발라드,"너는 참 못됐다
나 없이도 잘 지내더라
언제쯤 나도 널 잊을 수 있을까
눈을 감아도 눈물이 흐르고
어딜 가도 너만 보여
어느새 니가 없는
긴 하루가 지나간다
다른 사람을 또 만나봐도
니가 아님 안 되겠어
울다가 또 웃다가 미친 것처럼
또 보고 싶다
상처 같은 널 잊어보려고
아무리 애를 써도
너만 보고 싶다
니가 없인 아무것도 못 해
니가 없는 나는 아무것도 아냐
나도 참 못됐다
자꾸만 또 힘이 들더라
예전처럼 돌아갈 수가 있을까
눈을 감아도 니가 떠오르고
어딜 가도 너만 보여
자주 걷던 그 길 끝 저 너머
그댄 보일까요
다른 사람을 또 만나봐도
니가 아님 안 되겠어
울다가 또 웃다가 미친 것처럼
또 보고 싶다
상처 같은 널 잊어보려고
아무리 애를 써도
너만 보고 싶다
니가 없인 아무것도 못 해
니가 없는 나는 아무것도 아냐
그때로 돌아가 너를
다시 한번만 안아볼 수 있다면
나 말할 거야 사랑한다고 보고픈
나의 사랑아 내게 다시 와주라
다른 사람을 또 만나봐도
니가 아님 안 되겠어
울다가 또 웃다가 미친 것처럼
또 보고 싶다
상처같은 널 잊어보려고
아무리 애를 써도
너만 보고 싶다
니가 없인 아무것도 못 해
니가 없는 나는 아무것도 아냐"
Celebrity,아이유,댄스,"세상의 모서리
구부정하게 커버린
골칫거리 outsider

걸음걸이, 옷차림,
이어폰 너머 play list
음악까지 다 minor

넌 모르지
떨군 고개 위
환한 빛 조명이
어딜 비추는지

느려도 좋으니
결국 알게 되길
The one and only
You are my celebrity

잊지마 넌 흐린 어둠 사이
왼손으로 그린 별 하나
보이니 그 유일함이 얼마나
아름다운지 말야
You are my celebrity

celebrity
You are my celebrity

지쳐버린 표정 마치
전원을 꺼놓은 듯이
심장소린 too quiet

네가 가진 반짝거림,
상상력, identity
까지 모조리 diet

넌 모르지
아직 못다 핀
널 위해 쓰여진
오래된 사랑시

헤매도 좋으니
웃음 짓게 되길
The one and only
You are my celebrity

잊지마 넌 흐린 어둠 사이
왼손으로 그린 별 하나
보이니 그 유일함이 얼마나
아름다운지 말야
You are my celebrity

발자국마다 이어진 별자리
그 서투른 걸음이 새겨놓은 밑그림
오롯이 너를 만나러 가는 길
그리로 가면 돼 점선을 따라

잊지마 이 오랜 겨울 사이
언 틈으로 피울 꽃 하나
보이니 하루 뒤 봄이 얼마나
아름다울지 말야
You are my celebrity

celebrity
You are my celebrity"
롤린 (Rollin'),브레이브걸스,댄스,"그 날을 잊지 못해 babe
날 보며 환히 웃던
너의 미소에
홀린 듯
I'm fall in love
But 너무 쪽팔림에
난 그저
한마디 말도 못해 babe
I wanna you
너의 눈빛은
날 자꾸 네 곁을 맴돌게 해
Just only you
굳게 닫힌 내 맘이
어느새 무너져버려
Because of you
온통 너의 생각뿐이야
나도 미치겠어
너무 보고 싶어
매일 매일 매일
자꾸 초라해지잖아
내 모습이
그대여 내게 말해줘
사랑한다고
Rollin' Rollin' Rollin' Rollin'
Rollin' Rollin' Rollin' Rollin'
Rollin' Rollin' Rollin' Rollin'
하루가 멀다 하고
Rolling in the deep
Rollin' Rollin' Rollin' Rollin'
Rollin' Rollin' Rollin' Rollin'
기다리고 있잖아 Babe
Just only you
기다리고 있잖아 Babe
Just only you
Hey I just wanna be with you
오늘 밤이 가기 전에
I can't feel you
조금 더 다가와 줘
Tonight I'm ready for you
You wanna touch me I know
대체 뭘 고민해 빨리 안아
아닌 척 모르는 척 하다가
늦게 놓치고 후회 말아
I wanna you
너의 눈빛은
날 자꾸 네 곁을 맴돌게 해
Just only you
굳게 닫힌 내 맘이
어느새 무너져버려
Because of you
온통 너의 생각뿐이야
나도 미치겠어
너무 보고 싶어
매일 매일 매일
자꾸 초라해지잖아
내 모습이
그대여 내게 말해줘
사랑한다고
Rollin' Rollin' Rollin' Rollin'
Rollin' Rollin' Rollin' Rollin'
Rollin' Rollin' Rollin' Rollin'
하루가 멀다 하고
Rolling in the deep
Rollin' Rollin' Rollin' Rollin'
Rollin' Rollin' Rollin' Rollin'
기다리고 있잖아 Babe
Just only you
이제 와 숨기려 하지 마요
그대여
아닌 척하지 마요
온종일 난
그대 생각에 잠긴 채로
난 이대로 기다리고 있어요
Rollin' Rollin' Rollin' Rollin'
Rollin' Rollin' Rollin' Rollin'
Rollin' Rollin' Rollin' Rollin'
하루가 멀다 하고
Rolling in the deep
Rollin' Rollin' Rollin' Rollin'
Rollin' Rollin' Rollin' Rollin'
기다리고 있잖아 Babe
Just only you
기다리고 있잖아 Babe
Just only you"
My Universe,"Coldplay, 방탄소년단",POP,"You, you are my universe and
I just want to put you first
And you, you are my universe, and I…

In the night I lie and look up at you
When the morning comes I watch you rise
There’s a paradise they couldn’t capture
That bright infinity inside your eyes

매일 밤 네게 날아가 (가)
꿈이란 것도 잊은 채
나 웃으며 너를 만나 (나)
Never ending forever baby

You, you are my universe and
I just want to put you first
And you, you are my universe, and
You make my world light up inside

어둠이 내겐 더 편했었지
길어진 그림자 속에서 (eyes)

And they said that we can’t be together
Because
Because we come from different sides

You, you are my universe and
I just want to put you first
And you, you are my universe, and
You make my world light up inside

My universe (do do, do do)
My universe (do do, do do)
My universe (do do, do do)
(you make my world)
You make my world light up inside

Make my world light up inside

나를 밝혀주는 건
너란 사랑으로 수 놓아진 별
내 우주의 넌
또 다른 세상을 만들어 주는 걸

너는 내 별이자 나의 우주니까
지금 이 시련도 결국엔 잠시니까
너는 언제까지나 지금처럼 밝게만 빛나줘
우리는 너를 따라 이 긴 밤을 수놓을 거야

너와 함께 날아가 (가)
When I’m without you I’m crazy
자 어서 내 손을 잡아 (아)
We are made of each other baby

You, you are my universe and
I just want to put you first
And you, you are my universe, and
You make my world light up inside

My universe (you, you are)
My universe (I just want)
My universe (you, you are)
My universe, and I

My universe"
그 하루(feat.반하나),주호,발라드,"우리 아직은 이별하긴 이른 것 같아
시작도 못한 내 맘과 못다 한 내 말이
아직은 네가 필요한가 봐
눈뜨면 생각나는 사람
그게 너라서 고마웠어
그때는 왜 몰랐을까
익숙해진 맘에 네 소중함을 몰랐나 봐
내 하루의 시작과 끝이었던 사람
그게 너라서 행복했었어
많이 그리울 거야 우리 함께였던
그 하루가 참 고마웠어
눈뜨면 생각나는 사람
그게 나라며 웃어주던
네가 없는 이 하루가
아직 어색해서 널 지우진 못하나 봐
내 하루의 시작과 끝이었던 사람
그게 너라서 행복했었어
많이 그리울 거야 우리 함께였던
그 하루가 참 고마웠어
괜찮은 척 잘 지내볼게
네가 없는 이 하루가
생각보다 힘들겠지만
너와 함께 했던 그날의
행복했던 기억들만 간직할게
내 하루의 시작과 끝이었던 사람
그게 너라서 행복했어
부족했던 날 많이 아껴줬던 사람
그게 너라서 다행이었어
많이 그리울 거야 우리 함께였던
그 하루를 잊지 않을게
눈부셨던 하루를 선물했던 사람
우리라서 행복했어
많이 그리울 거야 우리 함께였던
그 하루가 참 고마웠어"
라일락,아이유,댄스,"나리는 꽃가루에 눈이 따끔해 (아야)
눈물이 고여도 꾹 참을래
내 마음 한켠 비밀스런 오르골에 넣어두고서
영원히 되감을 순간이니까

우리 둘의 마지막 페이지를 잘 부탁해
어느 작별이 이보다 완벽할까
Love me only till this spring

오 라일락 꽃이 지는 날 good bye
이런 결말이 어울려
안녕 꽃잎 같은 안녕
하이얀 우리 봄날의 climax
아 얼마나 기쁜 일이야

Ooh ooh
Love me only till this spring
봄바람처럼
Ooh ooh
Love me only till this spring
봄바람처럼

기분이 달아 콧노래 부르네 (랄라)
입꼬리는 살짝 올린 채
어쩜 이렇게 하늘은 더 바람은 또 완벽한 건지
오늘따라 내 모습 맘에 들어

처음 만난 그날처럼 예쁘다고 말해줄래
어느 이별이 이토록 달콤할까
Love resembles misty dream

오 라일락 꽃이 지는 날 good bye
이런 결말이 어울려
안녕 꽃잎 같은 안녕
하이얀 우리 봄날의 climax
아 얼마나 기쁜 일이야

Ooh ooh
Love resembles misty dream
뜬구름처럼
Ooh ooh
Love resembles misty dream
뜬구름처럼

너도 언젠가 날 잊게 될까
지금 표정과 오늘의 향기도
단잠 사이에 스쳐간
봄날의 꿈처럼

오 라일락 꽃이 지는 날 good bye
너의 대답이 날 울려
안녕 약속 같은 안녕
하이얀 우리 봄날에 climax
아 얼마나 기쁜 일이야

Ooh ooh
Love me only untill this spring
봄바람처럼
Ooh ooh
Love me only untill this spring
봄바람처럼

Ooh ooh
Love resembles misty dream
뜬구름처럼
Ooh ooh
Love resembles misty dream
뜬구름처럼"
ZOOM,제시 (Jessi),랩/힙합,"Lights Camera Action

I see you lookin at my P I C (I know)
크게 땡겨 땡겨 좀 더 땡겨봐 봐 기똥차지
Zoom In, Zoom Out (OK)
Zoom In, Zoom Out (OK)
Zoom In, Zoom Out (OK)
Baby 확 가게 확대 확실하게 Oww~

I’m feelin like a million bucks yeah
Must be the million bucks yeah
오늘따라 빛이나
Selfie 찰칵하면 빛이나
Always talkin 쉿 know you like that
쫄지마 앙 물지는 않을게
Yea it’s like that, hey hey pretty lil thang
Do ya thang, I’ll be right back

(Woo) 우린 모두 사진 찍기 위해 살아
나도 그래 네 맘 알아 Aight
(Woo) 우린 모두 관심받기 위해 살아
나도 그래 네 맘 알아 Aight!

Lights Camera Action Baby

I see you lookin at my P I C (I know)
크게 땡겨 땡겨 좀 더 땡겨봐 봐 기똥차지
Zoom In, Zoom Out (OK)
Zoom In, Zoom Out (OK)
Zoom In, Zoom Out (OK)
Baby 확 가게 확대 확실하게 Oww~

Do you like all my clothes and my bags?
옷을 입고 가방 멨을 뿐인데?
Why you like it when I’m sad or I’m mad?
I don’t give uh, cuz I’ma bad
빛이 빛이 나는 Wishlist 항상 일 Pick
물어보지 좀 마 언니 뭐야 립스틱?
It’s funny how you always talking money
But always playin a dummy
Yous a bummy beggin yo mummy for money

Oh He looks good in that louis louis
Oh She a cutie with a booty booty
Screenshot 저장해 놔둘래?
Goddamn 실화냐? 허리둘레?

됐어 다음 다음 난 무덤덤
Eat it up 먹방
Watch you chow down 셋, 둘, 하나 Cheese
Take a couple pics and a couple of flicks

(Woo) 우린 모두 사진 찍기 위해 살아
나도 그래 네 맘 알아 Aight
(Woo) 우린 모두 관심받기 위해 살아
나도 그래 네 맘 알아 Aight!

Lights Camera Action Baby

I see you lookin at my P I C (I know)
크게 땡겨 땡겨 좀 더 땡겨봐 봐 기똥차지
Zoom In, Zoom Out (OK)
Zoom In, Zoom Out (OK)
Zoom In, Zoom Out (OK)
Baby 확 가게 확대 확실하게 Oww~

Wait... OMG I’m such a catfish"
With you,"지민, 하성운","발라드, 국내드라마","I wanna be with you
And I wanna stay with you
Just like the stars shining bright
You’re glowing once more
Right here beside you I’m still
Walking wherever you go
You will live forever in me
Breathing deeply within me
Just take it all
I`m nothing without your love
I promise
I’ll never leave your love
My heart is beating ‘cause of you
Forever and ever and ever
Only you can take my heart
Dear my love love love
I wanna stay with you
추억은 늘 여기 마음이란 방에
너와의 얘기들로 가득 차 있어
언제부터였는지 나도 잘 모르지만
너에게 말하고 싶어
나의 모든 얘기를
Just take it all
I`m nothing without your love
I promise
I’ll never leave your love
My heart is beating ‘cause of you
Forever and ever and ever
Only you can take my heart
Dear my love love love
I wanna stay
Tore my heart
Now I’m in the dark
Will we meet in our dreams
Breaking my heart
Here we are apart
I wanna stay near you"
"스물다섯, 스물하나",자우림,록/메탈,"바람에 날려 꽃이 지는 계절엔
아직도 너의 손을 잡은 듯 그런 듯 해
그때는 아직 꽃이 아름다운 걸
지금처럼 사무치게 알지 못했어
우 너의 향기가 바람에 실려 오네
우 영원할 줄 알았던
스물다섯 스물하나
그 날의 바다는 퍽 다정했었지
아직도 나의 손에 잡힐 듯 그런 듯 해
부서지는 햇살 속에 너와 내가 있어
가슴 시리도록 행복한 꿈을 꾸었지
우 그날의 노래가 바람에 실려 오네
우 영원할 줄 알았던
지난날의 너와 나
너의 목소리도 너의 눈동자도
애틋하던 너의 체온마저도
기억해내면 할수록 멀어져 가는데
흩어지는 널 붙잡을 수 없어
바람에 날려 꽃이 지는 계절엔
아직도 너의 손을 잡은 듯 그런 듯 해
그때는 아직 네가 아름다운 걸
지금처럼 사무치게 알지 못했어
우 너의 향기가 바람에 실려 오네
우 영원할 줄 알았던
스물다섯 스물하나
우 그날의 노래가 바람에 실려 오네
우 영원할 줄 알았던
지난날의 너와 나
우
우
우 영원할 줄 알았던
스물다섯 스물하나
스물다섯 스물하나"
Savage,aespa,댄스,"Oh my gosh!
Don't you know I’m a Savage?
I’m a Killa 너를 깰 ae
아직도 가리고 환각을 펼친 너
팰라 We Holler
두렵지 않아 너 너 Hit you harder

날 밀어 넣어 Deep fake on me
준비가 안된 무대로
몰아넣어 Fake on me
Got everybody mock up to me
수치를 느끼게 멘탈을 흔들어놔
싸늘한 관중 무너져 ae
더는 널 못 참아 Say No!

두고 봐 난 좀 Savage
너의 Dirty 한 Play
더는 두고 볼 수 없어
나를 무너뜨리고 싶은
네 환각들이 점점
너를 구축할 이유가 돼
I’m a Savage
널 부셔 깨 줄게 Oh
I’m a Savage
널 짓밟아 줄게 Oh

Get me get me now
Get me get me now
(Zu Zu Zu Zu)
지금 나를 잡아
아님 난 더 Savage
(Zu Zu Zu Zu)
Get me get me now
Get me get me now
(Zu Zu Zu Zu)
이젠 내가 너를 잡아
Now I'm a Savage
Gimme gimme now
Gimme gimme now
(Zu Zu Zu Zu)
너의 말이 보여
네 약점 Algorithm
(Zu Zu Zu Zu)
김이 김이 나
김이 김이 나
(Zu Zu Zu Zu)
MA ae SYNK 방해 말고
꺼져 Savage
(Zu Zu Zu Zu)

Mmmh Everybody looks at me
익숙하잖니
양보해 참아야만 돼
어른스럽게
I'm locked up in the glass
난 놀고 싶은데
너무 끔찍한 기대
그런 환각 틀에 나를 가둬 놔

I'm going 광야로 Game in
물리쳐 교묘한 이간질
And my ae로부터
멀어지게 만들
회심찬 네 Trick
We gone 광야로 Game in
베어버려 내 빛의 검
데미지를 입은 네게
인정사정 볼 것 없는 펀치

그것 봐 난 좀 Savage
너의 재생력을 막아
흐트러놔 빼놔
잊지 말아 여긴 바로 광야
너의 시공간은 내 뜻대로
Make It break it
I’m a Savage
널 부셔 깨 줄게 Oh
I’m a Savage
널 짓밟아 줄게 Oh

Get me get me now
Get me get me now
(Zu Zu Zu Zu)
지금 나를 잡아
아님 난 더 Savage
(Zu Zu Zu Zu)
Get me get me now
Get me get me now
(Zu Zu Zu Zu)
이젠 내가 너를 잡아
Now I'm a Savage
Gimme gimme now
Gimme gimme now
(Zu Zu Zu Zu)
너의 말이 보여
네 약점 Algorithm
(Zu Zu Zu Zu)
김이 김이 나
김이 김이 나
(Zu Zu Zu Zu)
MA ae SYNK 방해 말고
꺼져 Savage
(Zu Zu Zu Zu)

위기에 빠진 날 지켜준 건 너였어
My naevis we love U
My victory 하나의 SYNK DIVE
모두 네가 만들어준 기회란 거
I know your sacrifices Oh
My naevis we love U
알아 우린 반드시
네 기억들을 찾아줄게
우린 만나 꼭 부활 그다음

Savage
Savage
Yeah~

Get me get me now
Get me get me now
(Zu Zu Zu Zu)
지금 나를 잡아
아님 난 더 Savage
(Zu Zu Zu Zu)
Get me get me now
Get me get me now
(Zu Zu Zu Zu)
이젠 내가 너를 잡아
Now I'm a Savage
Gimme gimme now
Gimme gimme now
(Zu Zu Zu Zu)
너의 말이 보여
네 약점 Algorithm
(Zu Zu Zu Zu)
김이 김이 나
김이 김이 나
(Zu Zu Zu Zu)
MA ae SYNK 방해 말고
꺼져 Savage
(Zu Zu Zu Zu)

Ha ha, What?"
사랑한다고 말해줘,탑현,발라드,"사실 난 너를 사랑한다고 말할 땐
너에게 그 말이 듣고 싶어서라고
오늘이 가기 전에 들을 수 있을까
애타는 내 마음을 알기나 하는지
어떤 하루에 미소를 짓는
너의 얼굴을 바라보다가
나도 모르게 사랑한다고
너에게 버릇처럼 하는 말
항상 무뚝뚝하기만 하던 내가
너를 만나고 변해가
혹시 너도 나와 같을까
나를 사랑한다면
사실 난 너를 사랑한다고 말할 땐
너에게 그 말이 듣고 싶어서라고
오늘이 가기 전에 들을 수 있을까
애타는 내 마음을 알기나 하는지
서툰 말 한마디도 못하고
내 손만 잡고 있는 너에게
어설픈 말장난을 섞으며
나름 네 눈치도 보고 있어
사랑한단 말이 듣고 싶은데
그게 어려운 너에게
조금 용기 낼 순 없을까
나를 사랑한다고
사실 난 너를 사랑한다고 말할 땐
너에게 그 말이 듣고 싶어서라고
오늘이 가기 전에 들을 수 있을까
애타는 내 마음을 알기나 하는지
날 좋아한다
날 사랑한다
어서 내게 말해줘 (Love You)
사실 난 너를 사랑한다고 말할 땐
너에게 그 말이 듣고 싶어서라고
오늘이 가기 전에 들을 수 있을까
애타는 내 마음을 알기나 하는지"
Darl+ing,세븐틴,댄스,"You know without you I’m so lonely
When you’re not here 911 calling
Into your heat again I’m diving
Darling you Darling you baby

Fighting round in circles where is the way out
‘Cause I know that our love was hotter than the sun
Yeah the taste of this tequila I’m drinking now
Isn’t bitter than my heart

(If you know this)
I want to know our problem blood type or DNA
Friends see my feed and worry, do you babe? Yeah
Been waiting for your call every night
But I can’t wait no more
Dialing you-u-u, sorry darling you

You know without you I’m so lonely
When you’re not here 911 calling
Into your heat again I’m diving
Darling you Darling you baby

You know without you I’m so lonely
If you won’t be here 911 calling
Falling to you I’m always diving
Darling you Darling you baby

Darling with me under the sun
I know that you’re my one

I don’t wanna let you go
I can’t think of being alone
What am I supposed to do
And I gotta let you know
You got my heart like it’s yours
Don’t wanna say goodbye

(If you know this)
I want to know our problem blood type or DNA
Friends see my feed and worry, do you babe? Yeah
Been waiting for your call every night
But I can’t wait no more
Dialing you-u-u, sorry darling you

You know without you I’m so lonely
When you’re not here 911 calling
Into your heat again I’m diving
Darling you Darling you baby

You know without you I’m so lonely
If you won’t be here 911 calling
Falling to you I’m always diving
Darling you Darling you

I see you, you see me
I care for you, you care for me
We can be all we need
Promise I won’t take you for granted never
I’ma treat you better (I’ma treat you better)
I’ma see you better (I’ma see you better)
So honey now come into my arms yeah
Kiss me baby
Kiss me baby

You know without you I’m so lonely
When you’re not here 911 calling
Into your heat again I’m diving

You know without you I’m so lonely
If you won’t be here 911 calling
Falling to you I’m always diving
Darling you Darling you baby"
Bad Decisions,"benny blanco, 방탄소년단, Snoop Dogg",POP,"Radio station B-T-S-N-double O-P
No makeup on I love that sh-
You're so damn beautiful
I swear you make me sick
I want your love I want your name
Inside my heart
there's nothin'
but a burning flame
If you want my love
Come a little bit closer
Don't make me wait
Let's make some bad decisions
I want you ooh baby
all of the time
So give me all your kisses
I want you Monday Tuesday
Wednesday baby every night
And it feels like (Ooh ah)
I can't seem to ever get you
out of my mind
And it feels like (Ooh ah)
I want you ooh baby
all of the time
Everybody see me
lookin' fly (Oh yeah)
And I think I know
the reason why (Oh yeah)
'Cause I got you right here
by my side (Oh yeah)
And I can't let you just walk away
If I ain't with ya I'm not okay
If you want my love (Yeah)
Come a little bit closer
Don't make me wait (Ooh)
Let's make some bad decisions
I want you ooh baby
all of the time
So give me all your kisses
(Kisses)
I want you Monday Tuesday
Wednesday baby
every night (Every night)
And it feels like (Ooh ah yeah)
I can't seem to ever get you
out of my mind
And it feels like (Ooh ah)
I want you ooh baby
all of the time
Let's do things you always wanted
Have some fun and live your life
Help me waste a day
and find a place
That we can face to face
Let me show you 'round my hood
There's bad meaning bad
like bad meaning good
When it comes to rules
I break 'em
Let's make some bad decisions
I want you ooh baby
all of the time
So give me (Give me)
all your kisses (Kisses)
I want you Monday Tuesday
Wednesday baby every night
And it feels like
(Ooh yes ah yes)
I can't seem to ever get you
out of my mind
And it feels like
(Ooh say what Ah)
I want you ooh baby
all of the time (Ooh)"
